,histone:leiden,ADT:leiden
AAACGAAAGCTGAAAT-1,4,0
AAACGAAAGGTTCGTT-1,2,1
AAACGAAAGTTGCTTG-1,0,0
AAACGAACAAGAGCGT-1,0,4
AAACGAACACATCATG-1,3,1
AAACGAACATCCCTTG-1,0,0
AAACGAAGTACGCAAG-1,0,2
AAACGAAGTTAGGAAT-1,4,0
AAACGAATCGCAACTA-1,0,1
AAACGAATCTCCTTAA-1,0,3
AAACTCGAGGCCAATG-1,0,4
AAACTCGCACGTACAT-1,0,4
AAACTCGCAGCAACCC-1,0,3
AAACTCGCATCAGAAA-1,0,1
AAACTCGCATTTCACT-1,0,0
AAACTCGGTACCAAGG-1,0,3
AAACTCGGTATCATGC-1,0,4
AAACTCGGTCGGCTGT-1,0,3
AAACTCGGTTAGCTCA-1,0,3
AAACTCGGTTCCCAAA-1,0,0
AAACTCGTCCTCTCTT-1,0,0
AAACTGCAGGCGTCCT-1,0,0
AAACTGCAGTATAGTG-1,0,3
AAACTGCCACGGCCAT-1,0,4
AAACTGCGTAGGTCTT-1,0,2
AAACTGCGTTCAGTTG-1,0,0
AAACTGCTCGCACAAT-1,0,1
AAAGATGAGGCTTTAC-1,1,1
AAAGATGAGTGATATG-1,0,3
AAAGATGCACCTATTT-1,0,4
AAAGATGCATCGAGTT-1,0,4
AAAGATGGTAGCGTTT-1,0,1
AAAGATGGTGTCTACA-1,4,0
AAAGGATAGGATTGAT-1,0,2
AAAGGATAGTAGGAAG-1,0,1
AAAGGATCAAGACTTC-1,0,2
AAAGGATCACAGTTAC-1,0,2
AAAGGATCAGATACAA-1,0,1
AAAGGATGTCAATCCA-1,0,3
AAAGGATGTCCAAGAG-1,0,3
AAAGGATGTGAAACAT-1,0,2
AAAGGATTCTATTGTC-1,0,4
AAAGGATTCTTCAGAG-1,0,3
AAAGGGCAGAGTTTGA-1,0,0
AAAGGGCCATCCCAAA-1,0,2
AAAGGGCGTAGCCATT-1,0,1
AAAGGGCGTCATAGAA-1,0,0
AAAGGGCGTGTGCTTA-1,0,2
AAAGGGCTCCATTGTT-1,0,4
AAAGGGCTCCCTACCA-1,0,1
AAATGAGAGAAGACTT-1,0,0
AAATGAGAGAGAAGCA-1,0,1
AAATGAGCAGACTAAA-1,0,4
AAATGAGCAGGCAAGT-1,3,3
AAATGAGGTATTGTCG-1,0,0
AAATGCCCAACTGCGC-1,0,3
AAATGCCCAAGTCTCA-1,0,0
AAATGCCCACAGGTAG-1,0,0
AAATGCCTCACCACAA-1,0,2
AAATGCCTCCATGTTT-1,0,3
AAATGCCTCCCAATGA-1,0,1
AAATGCCTCCTAAAGC-1,0,0
AAATGCCTCCTGTGGG-1,0,2
AAATGCCTCTCGTAGA-1,0,2
AACAAAGAGCGCACAA-1,0,4
AACAAAGGTAGCAGGT-1,0,4
AACAAAGGTCCATTGA-1,0,3
AACAAAGGTGATAACA-1,1,4
AACAAAGGTTAGGCTT-1,0,3
AACAAAGTCGCGGCAT-1,0,1
AACAAAGTCTTATCAC-1,0,1
AACAGTCAGGTAGGAA-1,0,1
AACAGTCCAGTAGGCA-1,0,3
AACAGTCCATCATGTG-1,1,1
AACAGTCCATCTCTCG-1,0,2
AACAGTCGTGATAACA-1,0,3
AACATCGAGATTACGA-1,3,4
AACATCGCAACGGGTA-1,0,0
AACATCGCACAGATGG-1,0,3
AACATCGCACTTATGG-1,3,4
AACATCGGTAACATAG-1,0,2
AACATCGGTTACGGAG-1,0,0
AACATCGTCAAACCCA-1,0,3
AACATCGTCAGATACC-1,0,0
AACCAACAGATCCGAG-1,0,1
AACCAACCAAGGCGTA-1,0,2
AACCAACCAATTCAGC-1,0,4
AACCAACTCATTCGGA-1,0,1
AACCAACTCCAGGGAA-1,0,1
AACCGATAGCGTAGCA-1,0,4
AACCGATAGGGTATCG-1,1,4
AACCGATCAAGCACTT-1,0,4
AACCGATCAAGCGTCC-1,0,0
AACCGATCAGCTTACA-1,0,1
AACCGATGTACATGGG-1,0,2
AACCGATGTCCAGACC-1,0,2
AACCGATGTGATCAGG-1,0,3
AACCGATGTTGGTAAA-1,0,3
AACCGATTCGCTTGAA-1,1,1
AACCGATTCGGGCTCA-1,0,4
AACCGATTCTATCTAC-1,0,0
AACCTGAAGAAACGCC-1,0,1
AACCTGAAGGTAAGTT-1,0,1
AACCTGACAAACCCTA-1,0,2
AACCTGACATGGAGGT-1,0,1
AACCTGAGTACTAGAA-1,0,0
AACCTGATCAAGGCAG-1,0,3
AACCTGATCCGGAAAG-1,0,1
AACCTGATCTCTGAGA-1,0,1
AACCTTTAGAGTGGTC-1,1,0
AACCTTTAGCGAGAAA-1,0,2
AACCTTTAGTAGTGTA-1,0,2
AACCTTTAGTCCAGAG-1,0,0
AACCTTTCAACTCAAC-1,0,1
AACCTTTCAGCAACGA-1,0,1
AACCTTTGTACGGAGT-1,0,1
AACCTTTGTTACCCAA-1,0,4
AACCTTTTCGGAAAGC-1,0,4
AACGAGGAGGGCGAAG-1,0,4
AACGAGGCAAGGCGTA-1,0,3
AACGAGGTCGTTGTTT-1,0,3
AACGGGAAGACCTATC-1,0,2
AACGGGAAGGTTAGTA-1,0,0
AACGGGAAGTGCAACG-1,0,0
AACGGGAGTATACGCT-1,0,3
AACGGGAGTCAGCTTA-1,3,1
AACGGGAGTCCGTGCA-1,0,3
AACGGGAGTGGAGTGT-1,1,2
AACGGGAGTTGAAGCG-1,0,1
AACGGGATCAAATGGA-1,0,4
AACGGGATCCCACGGA-1,0,2
AACGTACAGCCATGGA-1,0,1
AACGTACAGGTTAACA-1,0,1
AACGTACCAACCTCTC-1,1,4
AACGTACCATGGCCCA-1,0,0
AACGTACGTGCGTAGA-1,4,0
AACGTACTCTTCAGAG-1,0,1
AACTGGTAGCCATCAT-1,0,0
AACTGGTCAAGCCTTA-1,2,2
AACTGGTCACTGTCAA-1,0,1
AACTGGTCAGGACTGA-1,0,0
AACTGGTCAGGTAGCA-1,0,0
AACTGGTTCCTCCTGA-1,0,2
AACTGGTTCGCGCTGA-1,0,0
AACTGGTTCTCTCAAT-1,0,0
AACTGGTTCTTTCGAT-1,0,2
AACTGTGAGCGCAATG-1,0,2
AACTGTGCATGGGTGA-1,0,1
AACTGTGGTAAACGTA-1,0,3
AACTGTGGTTTGTAGC-1,0,3
AACTGTGTCAAGGCAG-1,0,3
AACTTGGAGATACCAA-1,0,0
AACTTGGAGGCTTCGC-1,0,3
AACTTGGCAATGCATC-1,0,2
AACTTGGGTCAGGTGA-1,0,2
AACTTGGGTGATGTGG-1,0,1
AACTTGGGTTGAATAG-1,0,2
AACTTGGGTTTCTTAC-1,0,4
AACTTGGTCGGCTATA-1,0,0
AACTTGGTCGGTTAGT-1,0,0
AAGATAGCACAGAAGC-1,0,2
AAGATAGCACGTTACA-1,0,4
AAGATAGGTAGAAAGG-1,0,0
AAGATAGGTGAGTAAT-1,0,0
AAGATAGGTGGTTCTA-1,0,2
AAGATAGGTGTTGGTT-1,0,3
AAGATAGTCAGTCTTT-1,0,2
AAGGAGCCACCCTTTG-1,2,3
AAGGAGCCATGTGGGA-1,0,0
AAGGAGCGTTCAGAAA-1,0,1
AAGGAGCGTTCTTTGT-1,0,2
AAGGAGCTCTGAGTCA-1,0,1
AAGGTTCAGGAGAACA-1,0,1
AAGGTTCAGGGTCTGA-1,0,3
AAGGTTCAGTGTGTAA-1,0,0
AAGGTTCAGTTAGCAA-1,0,0
AAGGTTCCAAAGGCCA-1,0,1
AAGGTTCCAGGCAAGT-1,0,1
AAGGTTCGTTACCCAA-1,0,1
AAGGTTCTCGGTCTAA-1,0,1
AATACGCAGCCTGTAT-1,0,0
AATACGCCAAGTAATG-1,0,0
AATACGCCACGACGAA-1,0,3
AATACGCCAGCTGATT-1,0,4
AATACGCCATGTGGGA-1,1,1
AATACGCGTAAGGTCG-1,1,3
AATACGCGTCTGAGCC-1,0,1
AATACGCGTGAATGTA-1,0,4
AATACGCGTGAGGGTT-1,0,0
AATGCCAAGGCAGTGT-1,0,1
AATGCCATCGTTGTAG-1,0,4
AATGGAAAGAACAGGA-1,1,3
AATGGAACACCCATCT-1,0,3
AATGGAACATAGACGG-1,0,1
AATGGAAGTCGTCGCA-1,0,4
AATGGAATCCCGCAAG-1,0,2
AATGGAATCTAAACGC-1,0,1
AATGGCTAGCATTCCA-1,0,3
AATGGCTAGTATACCC-1,0,4
AATGGCTTCGGTCTCT-1,0,0
AATGTCGCAGCGTAGA-1,0,0
AATGTCGCAGTTCGGC-1,0,0
AATGTCGGTCATCGTA-1,0,0
AATGTCGGTGCCAAGA-1,0,2
ACAAACCAGTGAGTTA-1,0,3
ACAAACCCAACGAGGT-1,0,3
ACAAACCCAGAACTTC-1,0,1
ACAAACCCAGGAGCAT-1,0,1
ACAAACCCATGGTAAA-1,0,2
ACAAACCGTCAGGTGA-1,0,1
ACAAAGAAGGCTTAAA-1,0,2
ACAAAGACAAGCGTCC-1,0,1
ACAAAGACATTAGCCA-1,0,1
ACAAAGACATTTAGGC-1,0,1
ACAAAGAGTCAGACGA-1,0,1
ACAAAGAGTTTGACCA-1,2,3
ACAAAGATCAAGAGGC-1,0,0
ACAAAGATCCCTATTA-1,0,4
ACAAAGATCTATCTTG-1,0,0
ACAAGCTAGAAAGGGT-1,0,1
ACAAGCTAGGACTAGC-1,0,1
ACAAGCTAGGGACGTT-1,0,1
ACAAGCTCAAACTACC-1,0,0
ACAAGCTCAGCGTCGT-1,0,0
ACAAGCTCATAGGCGA-1,0,4
ACAAGCTCATTCACGA-1,0,4
ACAAGCTCATTGCACA-1,0,1
ACAAGCTGTTGGCTAT-1,0,1
ACAAGCTTCCAGGTAT-1,0,3
ACAATCGAGAGGCCTA-1,0,1
ACAATCGAGCCATCAT-1,0,0
ACAATCGAGGATTGAT-1,0,4
ACAATCGCAACTTGGT-1,1,1
ACAATCGCACCTACCT-1,0,1
ACAATCGCATCCTGGG-1,1,4
ACAATCGGTGACGCAA-1,0,1
ACAATCGGTGCAAGAC-1,0,1
ACAATCGGTTCTCGAA-1,1,0
ACAATCGTCGGAAAGC-1,0,0
ACAGAAAAGAATCAGT-1,0,1
ACAGAAAAGAGCCTGA-1,0,3
ACAGAAACAAGACACG-1,0,1
ACAGAAACAATGATGA-1,1,3
ACAGAAACACCACCAG-1,0,2
ACAGAAACAGAACAGC-1,0,1
ACAGAAAGTGCATTCA-1,0,4
ACAGAAATCAAACCAC-1,0,3
ACAGACTAGGTTCTCA-1,0,0
ACAGACTCACAGATGG-1,0,2
ACAGACTGTTACCCAA-1,0,4
ACAGACTTCCTTCGAC-1,0,3
ACAGACTTCGATGCAT-1,0,3
ACAGCGCAGGCTCAGA-1,1,0
ACAGCGCCAAATGTCC-1,0,4
ACAGCGCGTACGCCCA-1,0,3
ACAGCGCTCTTAATCC-1,1,1
ACAGGCCAGCTCCGGT-1,0,2
ACAGGCCAGGTACTCT-1,0,0
ACAGGCCAGTATAGTG-1,0,0
ACAGGCCCAGGGAGTT-1,0,1
ACAGGCCTCACCGCGA-1,0,1
ACAGGCCTCCCAATAG-1,1,4
ACAGGCCTCTTCCAGC-1,0,1
ACATGCAAGTGCACAG-1,0,0
ACATGCATCACCGCGA-1,0,1
ACATGCATCCTAAGTG-1,0,0
ACATGCATCGAGTGTT-1,1,1
ACATGGTAGCAGAAAG-1,0,2
ACATGGTCAATGGTAA-1,0,0
ACATGGTCACTCGTGG-1,0,2
ACATGGTCAGTAAGCG-1,0,4
ACATGGTTCAGTGGTT-1,0,2
ACATGGTTCGAGCGCT-1,0,3
ACATGGTTCTATATCC-1,0,0
ACCAAACAGTGAAACT-1,0,3
ACCAAACCAATTCAGC-1,0,4
ACCAAACCATGGAGGT-1,0,2
ACCAAACGTCGCTACG-1,0,3
ACCAAACTCCATTGTT-1,0,1
ACCATCCCAATAGTGA-1,0,4
ACCATCCCACTTACAG-1,2,2
ACCATCCCAGTAACGG-1,0,2
ACCATCCGTTACCCAA-1,0,3
ACCATCCGTTCGGGAA-1,0,4
ACCCAAAAGACTAGCG-1,0,2
ACCCAAAAGATGCGCA-1,0,4
ACCCAAAAGCTGGAGT-1,0,1
ACCCAAACACTGATAC-1,0,3
ACCCAAACAGGATAGC-1,0,0
ACCCAAACATGTGAGG-1,0,3
ACCCAAACATTAGCAC-1,0,2
ACCCAAAGTACCAAGG-1,0,3
ACCCAAAGTCCGTGCA-1,0,1
ACCCAAAGTGAGGTCA-1,0,0
ACCCAAATCCCTACGT-1,0,0
ACCCAAATCTCCAACC-1,0,1
ACCGAATAGATGTTGA-1,0,3
ACCGAATAGCTCCGGT-1,0,3
ACCGAATAGTAATGTG-1,0,0
ACCGAATAGTGCTAGG-1,0,0
ACCGAATAGTTAGCGG-1,1,4
ACCGAATCAGTTGGAG-1,0,1
ACCGAATCATCGCCTT-1,0,4
ACCGAATGTATTGTGC-1,0,4
ACCGAATGTGCAAGCA-1,0,0
ACCGAATTCAACTTGG-1,0,0
ACCGAATTCAGTACAC-1,0,1
ACCGAATTCCAACGCG-1,0,4
ACCGCAGAGGTACACG-1,1,1
ACCGCAGAGGTGTTGG-1,0,0
ACCGCAGGTAAACGGC-1,0,0
ACCGCAGGTCAATCCA-1,1,0
ACCGCAGGTTCCTATT-1,0,0
ACCGCAGTCCAATCCC-1,0,0
ACCGCAGTCGGTTGTA-1,0,1
ACCGGGTCATTAACGC-1,0,3
ACCGGGTGTACCCATA-1,0,0
ACCGGGTGTGATTCCA-1,0,1
ACCGGGTTCCAGTTAG-1,0,0
ACCTGCTGTAGCTGTT-1,0,3
ACCTGCTGTGCACTTA-1,0,4
ACCTGCTTCGCTCGGA-1,0,2
ACGGATTAGACCCATT-1,0,2
ACGGATTAGCCATGGA-1,0,1
ACGGATTAGCTTCAAC-1,0,1
ACGGATTGTCATCAAC-1,0,3
ACGGATTGTGGCATAG-1,0,1
ACGGATTTCACTACCC-1,0,1
ACGGATTTCCATTGAG-1,0,0
ACGGATTTCGTTGTTT-1,0,2
ACGTGGCAGACTCTTG-1,4,3
ACGTGGCAGGTAAGTT-1,0,4
ACGTGGCAGTGGTGTG-1,0,1
ACGTGGCCAAAGAAGG-1,0,0
ACGTGGCCACAGATGG-1,0,2
ACGTGGCCATAGTCCA-1,0,2
ACGTGGCGTAATGTAG-1,0,2
ACGTGGCGTCTCTAAG-1,0,2
ACGTGGCGTGCACTTA-1,0,1
ACGTGGCGTGCCCAGT-1,0,0
ACGTGGCGTGCTTTGA-1,0,0
ACGTGGCGTGGCCTCA-1,0,3
ACGTGGCTCGATAGGG-1,0,1
ACGTGGCTCGCCTTAC-1,0,3
ACGTTAGAGAAATACC-1,0,2
ACGTTAGAGTCGATAA-1,0,4
ACGTTAGCAAGGTCGA-1,2,0
ACGTTAGCATGGGACA-1,0,1
ACTAACGAGTAGGTCG-1,1,2
ACTAACGAGTCTTAGC-1,0,3
ACTAACGCAAACTACC-1,0,2
ACTAACGGTAACGGCA-1,0,3
ACTAACGGTAGAAAGG-1,0,0
ACTAACGGTGGTGGTA-1,0,3
ACTAACGGTGTTAGAA-1,0,0
ACTAACGGTTCTTAGG-1,4,2
ACTAACGGTTGAATAG-1,0,1
ACTAACGGTTTCGTTT-1,0,3
ACTAACGTCACTACCC-1,0,0
ACTACCCAGCCATTCA-1,0,0
ACTACCCAGTTGAATG-1,0,3
ACTACCCCAAGCAATA-1,0,4
ACTACCCCAAGGGAGG-1,0,1
ACTACCCCACGCTCAG-1,1,3
ACTACCCCAGCGTACC-1,0,1
ACTACCCGTAGTTTGC-1,0,1
ACTACCCTCAGTGTGT-1,0,0
ACTACCCTCATACTTC-1,0,0
ACTACGAAGACTCGGA-1,0,1
ACTACGAAGAGTAAGG-1,0,0
ACTACGAAGGAGAACA-1,0,4
ACTACGACACAAACAA-1,0,1
ACTACGAGTCCATTGA-1,0,2
ACTACGAGTGAGTAAT-1,0,1
ACTACGAGTTTCCACC-1,0,1
ACTACGATCCTGTGGG-1,1,3
ACTACGATCTGTCGTC-1,0,3
ACTAGGTAGGCCAGTA-1,0,0
ACTAGGTCAAAGAGAG-1,0,1
ACTAGGTCAATGCATC-1,0,0
ACTAGGTCATGTCCCT-1,0,0
ACTAGGTGTACGCAAG-1,0,1
ACTAGGTGTCCAAGTT-1,0,4
ACTATTCAGTGTGTAA-1,0,0
ACTATTCCAAGTGGCA-1,0,0
ACTATTCCACCATTCC-1,0,1
ACTATTCGTTAGGAAT-1,0,3
ACTATTCTCAGTCACA-1,0,2
ACTATTCTCCTCCTGA-1,0,4
ACTCGGGCAAGTCCTA-1,0,1
ACTCGGGCAATTAGGA-1,0,2
ACTCGGGCACTGATAC-1,0,4
ACTCGGGCAGTAGGCA-1,0,2
ACTCGGGCATGTAGAA-1,0,4
ACTCGGGCATTAGCCA-1,0,0
ACTCGGGTCTTACTCA-1,0,1
ACTCGGGTCTTGTACT-1,0,3
ACTGCAAAGAGCTGTG-1,0,1
ACTGCAAAGTCACGCC-1,0,0
ACTGCAAAGTGCAACG-1,0,1
ACTGCAACAGAACAGC-1,0,1
ACTGCAAGTCAGCAAG-1,0,4
ACTGCAAGTTTGCGAT-1,0,3
ACTGCGGCAAGCGGTA-1,0,1
ACTGCGGCACAAGTGG-1,0,3
ACTGCGGGTATGAAGT-1,0,1
ACTGCGGGTGGTGGTA-1,0,3
ACTGTCCAGGATTTGA-1,2,1
ACTGTCCCAAGTCTCA-1,0,0
ACTGTCCCAATGTGCT-1,0,0
ACTGTCCCATTGTTCT-1,0,2
ACTGTCCGTTAGAGAT-1,0,4
ACTGTCCTCAGCACTA-1,0,1
ACTTCCGAGTATGGGC-1,0,1
ACTTCCGCAGTGCTCG-1,0,4
ACTTCCGGTGATAAGT-1,0,0
ACTTCCGTCGGATAAA-1,2,2
ACTTCCGTCTAAGGTC-1,0,2
ACTTTCAAGACTAGCG-1,1,3
ACTTTCAAGATTGACA-1,0,1
ACTTTCAAGCAGGAGG-1,1,2
ACTTTCAAGCATTGGG-1,0,2
ACTTTCAAGGTAGGCT-1,0,0
ACTTTCACAAGACACG-1,0,0
ACTTTCACAAGCGTCC-1,0,0
ACTTTCAGTCATAGAA-1,0,1
ACTTTCAGTCATTGCA-1,0,1
ACTTTCATCCATTGTT-1,0,2
ACTTTCATCGCACCGA-1,0,3
AGACAAAAGACAGCTG-1,0,1
AGACAAAAGACGCCCT-1,0,1
AGACAAAAGCTGAAAT-1,0,2
AGACAAAAGGCTTCGC-1,0,0
AGACAAAAGTTGACAA-1,0,2
AGACAAACAATAGTGA-1,0,1
AGACAAACATAAAGTG-1,0,4
AGACAAAGTCTGTGTA-1,0,2
AGACAAAGTTCAGAAA-1,0,2
AGACAAATCCATAACG-1,0,4
AGACAAATCCATACGA-1,0,0
AGACAAATCGAACCGC-1,0,4
AGACAAATCGCACCGA-1,0,0
AGATAGAAGAAGACTT-1,0,3
AGATAGAAGGGAAATG-1,0,3
AGATAGACAAGGGAGG-1,0,2
AGATAGACAGTAGTCT-1,0,4
AGATAGACATTCTTTG-1,0,1
AGATAGAGTAGGGTCA-1,0,1
AGATAGAGTCAGAGTG-1,0,0
AGATAGATCAAAGTAG-1,0,1
AGATAGATCCTGTAGA-1,0,1
AGATTCGCACGCGTTG-1,0,1
AGATTCGCACTAGGAG-1,0,0
AGATTCGCACTGAAGG-1,0,1
AGATTCGGTACATGGG-1,0,0
AGATTCGTCCCTACGT-1,0,0
AGCCAGCCATTTGGCA-1,0,4
AGCCAGCGTAACTGAA-1,0,3
AGCCAGCGTCATCGTA-1,0,3
AGCCAGCTCACGTGTA-1,0,0
AGCCCGAAGTTTACGC-1,0,3
AGCCGCAAGGATGTAT-1,0,0
AGCCGCATCACTAGGT-1,0,1
AGCCGCATCAGGCGCT-1,0,4
AGCCGCATCGAGCGCT-1,0,2
AGCCTCTAGATGCGAC-1,0,4
AGCCTCTAGGAATGGA-1,0,1
AGCCTCTAGTACAGAT-1,0,0
AGCCTCTAGTTGCGCC-1,0,1
AGCCTCTGTAACCCAT-1,0,1
AGCCTGGCAAAGAGAG-1,0,4
AGCCTGGCAAAGGCCA-1,0,0
AGCCTGGGTCAGCTTA-1,0,2
AGCCTGGGTCGCTAGC-1,0,0
AGCCTGGGTCTGGGAA-1,0,3
AGCCTGGTCAAATGGA-1,0,2
AGCCTGGTCCCGTATC-1,0,2
AGCCTGGTCTCTGAGA-1,0,1
AGCCTTCAGAGAGTAG-1,0,1
AGCCTTCAGGCTTAAA-1,0,0
AGCCTTCAGGTTCGAG-1,0,3
AGCCTTCAGTCTAGAA-1,0,2
AGCCTTCCAGGCACAA-1,0,1
AGCCTTCTCAATTGGC-1,0,4
AGCCTTCTCTTACTCA-1,0,1
AGCGATTAGGAAGGTA-1,0,1
AGCGATTCATAGATAG-1,0,1
AGCGATTGTGATTCCA-1,0,0
AGCGATTGTTAGTAGA-1,0,4
AGCGATTGTTGGCTTA-1,0,0
AGCGATTTCCATAACG-1,1,2
AGCGATTTCGCTCGGA-1,0,3
AGCGTATCAAATTGAG-1,0,2
AGCGTATCACCTATTT-1,0,1
AGCGTATCACTACACA-1,0,4
AGCGTATGTAAGTGCG-1,0,0
AGCGTATGTTCTTTGT-1,0,1
AGCGTATTCCACACCT-1,0,1
AGCGTATTCGGTAGGA-1,0,1
AGCGTGCCAGATTTGC-1,0,0
AGCGTGCGTAGCAGCA-1,0,3
AGCGTGCTCCAGTTAG-1,0,2
AGCGTGCTCGCGCCAA-1,0,1
AGCGTGCTCGTTGTTT-1,0,1
AGCGTGCTCTTAGTGG-1,0,4
AGCTATGAGGCTGGAT-1,0,0
AGCTATGAGTGATTAG-1,0,3
AGCTATGCAAACAGTA-1,0,4
AGCTATGCACTGAAGG-1,0,1
AGCTATGCAGAGAGAA-1,1,1
AGCTATGGTCAGCTTA-1,1,3
AGCTATGGTCGTCGCA-1,0,3
AGCTATGGTCTGGTCG-1,0,0
AGCTATGGTTTCGATG-1,1,2
AGCTATGTCCTCATTA-1,1,4
AGCTATGTCGCAAACT-1,0,3
AGCTATGTCTTCGTTA-1,1,3
AGCTGATCAAGGAGGG-1,0,3
AGCTGATCAGCGTGAA-1,0,0
AGCTGATGTAATGCCT-1,0,3
AGCTGATTCGCTAGTA-1,0,3
AGCTGGCCATTAGCAC-1,0,1
AGCTGGCTCTTACTCA-1,0,0
AGCTGTACAAGGTCGA-1,0,3
AGCTGTATCAATGCAC-1,0,2
AGCTGTATCGGTAGGA-1,0,4
AGCTGTATCGTTCTAT-1,0,2
AGGACGAAGGAATGGA-1,0,4
AGGACGACACCTGAAT-1,0,1
AGGACGAGTGAATGGC-1,0,1
AGGACGAGTTTCGACA-1,0,0
AGGACGATCCCGTATC-1,0,2
AGGCCCAAGGAAGGTA-1,0,3
AGGCCCAAGTACAGAT-1,0,0
AGGCCCACACGCGCAT-1,0,1
AGGCCCACATGACTGT-1,0,2
AGGCCCAGTCATCGTA-1,0,0
AGGCCCATCCTCCATG-1,0,1
AGGCCCATCCTTTGAT-1,0,2
AGGCCTGGTCCATTGA-1,0,1
AGGCCTGTCACCCGGA-1,0,4
AGGCCTGTCCCTACCA-1,0,2
AGGCGAAAGAAGGGCG-1,2,0
AGGCGAAAGGGAGATA-1,1,1
AGGCGAACATCCTGGG-1,0,4
AGGCGAAGTATTCGCA-1,0,4
AGGCGAATCATGCTTT-1,0,1
AGGCGAATCCTAAAGC-1,0,3
AGGCGTCAGAGCCACA-1,0,0
AGGCGTCAGCTTCAAC-1,0,3
AGGCGTCGTGAATGTA-1,0,2
AGGCGTCTCCAGGCCA-1,0,1
AGGCGTCTCCTCCCAA-1,0,3
AGTCAACAGAAACGCC-1,0,2
AGTCAACAGAGAGGTA-1,0,4
AGTCAACAGATGGGAA-1,0,1
AGTCAACAGGTAGGCT-1,0,1
AGTCAACAGTAATGTG-1,0,1
AGTCAACAGTCGGGAT-1,1,1
AGTCAACCATGCACTA-1,0,4
AGTCAACCATTACCTT-1,0,2
AGTCAACGTTAGAGAT-1,4,1
AGTCAACGTTGGACGA-1,0,3
AGTCAACTCCATACCC-1,0,0
AGTCAACTCGCCCTTA-1,0,4
AGTCAACTCTTGCGCT-1,0,3
AGTCCGGCACCTGGTG-1,0,3
AGTCCGGCATTGAACC-1,3,1
AGTCCGGGTGCGTGTC-1,0,2
AGTCCGGGTGTTGTTG-1,0,4
AGTCCGGGTTCCTGTC-1,0,1
AGTCCGGTCCTCATTA-1,0,3
AGTGCCGGTTATGCAC-1,0,1
AGTGCGCAGCGCAATG-1,0,2
AGTGCGCGTCAGTGTT-1,0,4
AGTGCGCTCCAGGCCA-1,0,3
AGTGTACAGAGTAAGG-1,0,1
AGTGTACCAAATGCTC-1,0,0
AGTGTACCATCACAAC-1,0,0
AGTGTACGTTCAGAAA-1,0,4
AGTGTACTCCTGTGGG-1,0,0
AGTGTACTCTCTGAGA-1,0,3
AGTTACGAGTATAGTG-1,0,1
AGTTACGAGTCTTAGC-1,0,0
AGTTACGAGTTCAACC-1,1,0
AGTTACGCAAGCGACA-1,0,1
AGTTACGCACCTATTT-1,0,4
AGTTACGCATCGACCG-1,0,1
AGTTACGGTAGCATGG-1,0,1
AGTTACGGTATCTAGC-1,0,3
AGTTACGGTCTAACCA-1,0,2
AGTTACGGTTGCTTGA-1,0,1
AGTTTGGAGTTGAATG-1,0,2
AGTTTGGCAAGGAGGG-1,0,4
AGTTTGGCACGCGTTG-1,0,1
AGTTTGGTCCCAATGA-1,0,3
AGTTTGGTCTAAACGC-1,1,1
ATAGGCTAGGCCAGTA-1,0,0
ATAGGCTCAATGTAAG-1,0,1
ATAGGCTTCGGTACTA-1,0,0
ATAGTCGAGATGGCAC-1,0,0
ATAGTCGCAACGTCGC-1,0,0
ATAGTCGCAGGATGTG-1,0,4
ATAGTCGCATTGCCTC-1,0,0
ATAGTCGGTCAGAAGC-1,0,1
ATAGTCGTCAGATACC-1,0,2
ATATTCCAGACCTATC-1,0,3
ATATTCCCAACGCAAG-1,0,4
ATATTCCCAATGTAAG-1,0,0
ATATTCCCACGTTGTA-1,3,2
ATATTCCCATGCCTTC-1,0,2
ATATTCCGTCAAATCC-1,0,1
ATATTCCGTCAATCCA-1,0,4
ATATTCCGTGGAAGCT-1,0,3
ATATTCCTCACTCCCA-1,0,4
ATATTCCTCCGGAAAG-1,0,3
ATATTCCTCGGTTAGT-1,0,4
ATCCAGAAGCACCATT-1,0,1
ATCCAGAAGCTACGCC-1,0,3
ATCCAGAAGGTTAACA-1,0,4
ATCCAGAAGTCTGCTA-1,0,4
ATCCAGAAGTTATGAG-1,0,2
ATCCAGACACCCATCT-1,0,3
ATCCAGACATCATAGC-1,0,4
ATCCAGACATGATCGT-1,0,4
ATCCAGAGTACCTATG-1,0,0
ATCCAGAGTTACTACG-1,0,0
ATCCAGAGTTAGCTCA-1,0,3
ATCCAGAGTTTCACCC-1,0,1
ATCCAGATCCATCTAT-1,0,2
ATCCCTGAGAGTGGAA-1,0,4
ATCCCTGAGTTCTCCC-1,0,0
ATCCCTGCAACTACTG-1,0,1
ATCCCTGTCTCCAACC-1,0,0
ATCCTCGCACCCATCT-1,0,1
ATCCTCGCAGATACAA-1,0,2
ATCCTCGGTCCTTATT-1,0,0
ATCCTCGTCTCTATTG-1,0,0
ATCCTCGTCTTACCTA-1,0,2
ATCCTGCAGTCTGGGA-1,0,0
ATCCTGCCACGAACGA-1,0,4
ATCCTGCGTAACCCAT-1,0,1
ATCCTGCGTCCTCAGG-1,0,0
ATCCTGCGTGGAGTGT-1,0,1
ATCCTGCTCATTCTTG-1,0,0
ATCGAGTAGTACCACT-1,1,1
ATCGAGTCACTCGGAC-1,0,0
ATCGAGTGTACGTAAA-1,0,0
ATCGAGTGTTAGTAGA-1,0,0
ATCGAGTTCGATGCAT-1,0,2
ATCGAGTTCGGATCGC-1,0,1
ATCGAGTTCGTTGTTT-1,0,4
ATGCATGAGAGCAGCT-1,0,0
ATGCATGGTATCCCTC-1,0,0
ATGCATGTCCACTAGA-1,0,2
ATGGATCAGAGTGGAA-1,0,2
ATGGATCAGCTACGTT-1,0,2
ATGGATCCAGCGTCGT-1,0,0
ATGGATCCAGGATGTG-1,0,1
ATGGATCCATGCGCTG-1,0,0
ATGGATCGTGTGAGGT-1,0,0
ATGGATCTCCTCTCTT-1,1,1
ATGGATCTCTCCTTAA-1,1,0
ATGGATCTCTGACATG-1,0,2
ATGTACGAGGGTATCG-1,0,3
ATGTACGAGTGTGTAA-1,0,1
ATGTACGCAATACTGC-1,0,0
ATGTACGGTGCAACAG-1,0,3
ATGTACGGTGCTTGAT-1,0,3
ATGTCGACACTTTGGA-1,0,1
ATGTCTTAGCACGTAG-1,0,0
ATGTCTTAGCTCCATA-1,0,2
ATGTCTTAGGAGGCGA-1,0,1
ATGTCTTAGTGAGCAC-1,0,1
ATGTCTTCACAGGTAG-1,0,0
ATGTCTTCACCAAGGA-1,0,4
ATGTCTTCAGGACTGA-1,0,0
ATGTCTTCAGGGTACA-1,0,2
ATGTCTTGTAAAGCTA-1,1,0
ATGTTTCCAAGTCTGT-1,2,2
ATGTTTCCACCCTTAC-1,0,3
ATGTTTCCAGCGTACC-1,1,1
ATGTTTCCATTACACG-1,0,0
ATGTTTCCATTGATGC-1,0,2
ATGTTTCGTAAACGTA-1,0,1
ATGTTTCGTATTCTGG-1,0,2
ATGTTTCGTGCTTCCT-1,0,3
ATGTTTCTCAGTCTTT-1,0,1
ATGTTTCTCCGAATTG-1,0,1
ATGTTTCTCGGGAATG-1,0,4
ATTACCTCAACGTACT-1,0,2
ATTACCTCACATCATG-1,2,1
ATTACCTGTGGTGGTA-1,0,1
ATTACCTGTTCTGAAC-1,0,1
ATTACCTTCCAATAGC-1,0,0
ATTACCTTCGCGCTGA-1,0,3
ATTACCTTCGGGTCCA-1,0,2
ATTACCTTCTTTATCG-1,0,4
ATTACTCAGAGAGGTA-1,0,2
ATTACTCAGGGAAATG-1,0,0
ATTACTCCACATAAAG-1,0,2
ATTACTCCAGCGTACC-1,0,0
ATTACTCCATCATAGC-1,0,1
ATTACTCCATCCCAAA-1,0,0
ATTACTCGTCAATCCA-1,0,2
ATTACTCGTGGTGGTA-1,0,1
ATTACTCGTTCAGTAC-1,0,0
ATTACTCTCCACTAGA-1,0,2
ATTACTCTCCAGGTCG-1,0,0
ATTACTCTCCCGTAGG-1,2,4
ATTACTCTCTATTGTC-1,0,1
ATTACTCTCTCTCAAT-1,0,0
ATTCGTTAGTCCTTCC-1,0,0
ATTCGTTCAGTTACAC-1,0,4
ATTCGTTCATGGGACA-1,0,4
ATTCGTTGTCTGTGTA-1,0,0
ATTCGTTGTGATAAGT-1,0,0
ATTGTCTAGTCACACT-1,0,3
ATTGTCTAGTGCTAGG-1,0,0
ATTGTCTCATGTAGAA-1,0,4
ATTGTCTCATTACTTC-1,0,0
ATTGTCTTCCCAATAG-1,2,2
ATTGTGGAGGAAGAAC-1,0,3
ATTGTGGCAAACCCTA-1,0,4
ATTGTGGCACGCGCAT-1,0,1
ATTGTGGCACTGAAGG-1,0,3
ATTGTGGGTATTCTTC-1,0,1
ATTGTGGGTCATAAGA-1,0,0
ATTGTGGGTGCTTTGA-1,0,2
ATTGTGGTCACAAGCT-1,0,1
ATTGTGGTCGCCGAAC-1,1,1
ATTTGTCAGACAACGC-1,0,1
ATTTGTCAGAGGCCTA-1,0,3
ATTTGTCAGCGTCTGC-1,0,0
ATTTGTCAGGCAGTGT-1,0,1
ATTTGTCAGGGTCTGA-1,0,0
ATTTGTCAGGTTGTGG-1,0,3
ATTTGTCCACACTAGT-1,0,2
CAAAGCTAGTATACCC-1,0,0
CAAAGCTCACTGTTAG-1,0,1
CAAAGCTCATCACAAC-1,0,0
CAAAGCTCATGCACTA-1,0,1
CAAAGCTGTACGGTTT-1,0,1
CAAAGCTGTCCCTTTG-1,0,1
CAAAGCTGTGCGTAGA-1,0,0
CAAAGCTTCCAAGTCA-1,0,0
CAACCAAAGAATCAAC-1,0,2
CAACCAAAGATAGGTT-1,0,3
CAACCAAAGGAAGACA-1,0,4
CAACCAAAGGAGTAGA-1,0,4
CAACCAACAGACCTGC-1,0,0
CAACCAACAGGTGTGA-1,0,2
CAACCAACATGATTGC-1,0,4
CAACCAAGTAAACGAT-1,0,3
CAACCAAGTACGGTTT-1,0,0
CAACCAATCCCAGCAG-1,0,3
CAACCAATCTCATCCG-1,0,1
CAACGGCAGTCTGGGA-1,0,3
CAACGGCCATCCGTAA-1,0,3
CAACGGCGTACGTAAA-1,0,3
CAACGGCTCGTCTAGA-1,0,3
CAACGTACACAGCTTA-1,0,2
CAACGTACACTTACAG-1,0,0
CAACGTACAGGTAACG-1,0,0
CAACGTAGTGAGCTAG-1,0,1
CAACGTATCGAGAACG-1,0,1
CAAGAAAAGAGGTCCA-1,0,3
CAAGAAACAATTCAGC-1,0,4
CAAGAAACATGCGCTG-1,0,2
CAAGAAAGTAACTCCA-1,0,4
CAAGAAAGTGGCCTCA-1,4,1
CAAGAAAGTGGTTCTA-1,0,0
CAAGAAATCATCGCCT-1,0,1
CAAGAAATCCTATCAT-1,0,0
CAAGAAATCTCTTCCT-1,0,2
CAAGCTAAGCGTATCT-1,0,1
CAAGCTACAAACCCTA-1,0,2
CAAGCTACAAAGCATA-1,0,3
CAAGCTACATCGCCTT-1,0,2
CAAGCTAGTCATTGGT-1,0,0
CAAGCTAGTGATAACA-1,0,2
CAAGCTAGTTGGACGA-1,0,3
CAAGCTAGTTTGCATG-1,0,4
CAAGCTATCACCACAA-1,0,0
CAAGCTATCAGGGTTT-1,0,3
CAAGCTATCCTAAAGC-1,0,4
CAAGCTATCGTATAGC-1,0,2
CAAGGCCAGGTTAGTA-1,0,3
CAAGGCCCAAGGCGTA-1,0,1
CAAGGCCGTATCGCGC-1,0,3
CAAGGCCTCAGTCACA-1,0,4
CAAGGCCTCCCAATAG-1,0,0
CAAGGCCTCGCTATAG-1,0,0
CAAGGCCTCTGGACAT-1,0,3
CAATCCCAGACACAAT-1,0,0
CAATCCCCACTCGGAC-1,3,2
CAATCCCGTAAAGGCC-1,0,1
CAATCCCTCGCCCTTA-1,0,2
CACAACAAGTACAACA-1,0,1
CACAACACAAAGGAAG-1,0,1
CACAACACAGGACTGA-1,0,2
CACAACAGTTGCTTGA-1,0,4
CACAACATCCTTTGCG-1,0,3
CACAACATCTAGTCGA-1,0,0
CACAGATAGACCAATA-1,0,0
CACAGATCAACTCCCT-1,0,1
CACAGATCAGGCACAA-1,0,3
CACAGATCATTAGCAC-1,0,0
CACAGATGTGATAACA-1,0,3
CACAGATTCTAGCAAC-1,0,2
CACATGACAAAGCTGG-1,0,0
CACATGAGTGCGCTCA-1,0,0
CACATGAGTTACTACG-1,0,1
CACATGAGTTCTTAGG-1,0,1
CACATGATCAAGGCCC-1,0,1
CACATGATCCAAGAGG-1,0,2
CACCACTAGAGTAAGG-1,0,2
CACCACTAGTCTGCTA-1,0,1
CACCACTCACAGTTCA-1,0,2
CACCACTCACCCTTAC-1,0,3
CACCACTCACTCCTCA-1,3,0
CACCACTCAGGTAGCA-1,0,1
CACCACTGTTGCAGCC-1,0,1
CACCACTTCAAACCAC-1,0,3
CACCACTTCCATCATT-1,0,0
CACCTGTCATTTCACT-1,2,3
CACCTGTGTGCAAGCA-1,0,4
CACCTGTGTGGCATAG-1,0,1
CACCTGTGTTAGTAGA-1,0,3
CACCTGTTCGGGACAA-1,0,2
CACCTGTTCTGGCGCA-1,0,2
CACCTTGAGAATCAGT-1,0,1
CACCTTGAGCATGATA-1,0,1
CACCTTGCAAGGAGTC-1,0,2
CACCTTGGTAACATAG-1,0,1
CACCTTGTCAGGTTTG-1,0,2
CACGTTCAGGCGCTTC-1,0,3
CACGTTCGTACGTAGG-1,0,2
CACTAAGAGCAGTAGC-1,0,3
CACTAAGAGCGTCTGC-1,0,4
CACTAAGCAAAGCATA-1,0,4
CACTAAGCATTAGCAC-1,0,2
CACTAAGTCACAACAC-1,0,2
CACTAAGTCGCCACTT-1,0,2
CACTGAACATGGTAAA-1,0,0
CACTGAATCCTGTAGA-1,0,2
CACTGAATCGCTATAG-1,0,1
CAGCCTTAGAACCATA-1,0,1
CAGCCTTCAAACTACC-1,0,2
CAGCCTTCAACTCAAC-1,0,2
CAGCCTTCATCGCTAA-1,0,0
CAGCCTTGTCTCTAAG-1,0,0
CAGCTAACAAACCCTA-1,0,0
CAGCTAACAGCGCGTT-1,0,0
CAGCTAACATCCTCGT-1,0,1
CAGCTAAGTAAAGCTA-1,0,3
CAGCTAAGTTGAAGCG-1,0,3
CAGCTAAGTTTCGATG-1,1,3
CAGCTAATCGGATAAA-1,0,3
CAGCTGGGTCCAAGAG-1,0,4
CAGCTGGGTTTGCCCT-1,0,1
CAGCTGGTCCAGTTAG-1,0,3
CAGCTGGTCTGTGTGA-1,0,2
CAGGATTAGATGTTGA-1,0,2
CAGGATTCAAGCAACG-1,0,1
CAGGATTCAGGCACAA-1,0,2
CAGGATTGTGGATTCT-1,0,0
CAGGATTTCCAAACCA-1,0,1
CAGGGCTAGAAAGCAG-1,0,0
CAGGGCTCAAGTAACA-1,0,0
CAGGGCTCAAGTGGCA-1,0,0
CAGGGCTCACAGTAGG-1,0,2
CAGGGCTCACTGTCAA-1,4,1
CAGGGCTCATCGCCTT-1,0,1
CAGGGCTGTGCAAAGC-1,0,1
CAGTATGAGAGGTGGG-1,0,1
CAGTATGAGTTGGAAT-1,0,4
CAGTATGGTATTCTGG-1,0,0
CAGTATGGTCATAGCT-1,0,1
CAGTATGTCCAACCTC-1,0,2
CAGTATGTCCATACGA-1,0,1
CAGTGCGAGCGCATTT-1,0,0
CAGTGCGCATTTGGCA-1,0,2
CAGTGCGGTTTCTCTA-1,0,2
CAGTGCGTCCTGGAAT-1,4,1
CAGTGCGTCGTCAACA-1,0,3
CAGTGCGTCTCGGCGA-1,0,1
CAGTGTACATGTGGGA-1,0,3
CAGTGTAGTAGATGAT-1,0,1
CAGTGTAGTCAGAGTG-1,0,0
CAGTGTATCCAGAATC-1,0,2
CATAACGAGAAATTCG-1,0,1
CATAACGAGAACGCCA-1,0,0
CATAACGCAAAGGAAG-1,0,2
CATAACGCAATGTAAG-1,0,0
CATAACGCACAAGGGT-1,0,2
CATAACGCATTACCTT-1,0,1
CATAACGGTAATGCAA-1,0,4
CATAACGGTCCACCAG-1,0,0
CATAACGGTGGATTCT-1,0,0
CATAACGTCACTAGGT-1,0,4
CATAACGTCGCAACTA-1,0,3
CATGCCTAGAAGAGTG-1,0,2
CATGCCTAGCGTTGCC-1,0,0
CATGCCTCAGGCAAGT-1,0,2
CATGCCTCAGTTGGAG-1,0,1
CATGCCTGTACCCATA-1,0,0
CATGCCTGTGGTGGTA-1,0,3
CATGCCTTCACGATTG-1,0,0
CATGCCTTCCAGGCCA-1,1,2
CATGTTTAGAAACGCC-1,0,0
CATGTTTAGCAATGTA-1,0,2
CATGTTTAGCCATTCA-1,0,0
CATGTTTAGTTGACAA-1,0,4
CATGTTTCAATGGCAG-1,0,0
CATGTTTCAATGTAAG-1,1,2
CATGTTTCACTCAGCG-1,0,0
CATGTTTCATAGATAG-1,2,2
CATGTTTGTGGCATAG-1,1,0
CATGTTTTCTAGCTGA-1,0,0
CATTCATAGAACTCCT-1,0,2
CATTCATAGGTTCGTT-1,1,3
CATTCATCACAAACAA-1,0,2
CATTCATGTCAGAAAT-1,4,2
CATTCATGTCTGGTCG-1,0,4
CATTCATGTGATAACA-1,3,0
CATTCATGTGGACTGA-1,0,4
CATTCATGTGGTAAGC-1,0,0
CATTCCGAGAAATGGG-1,0,1
CATTCCGAGGTTAACA-1,0,0
CATTCCGAGTGTGTAA-1,0,0
CATTCCGCACGCGCAT-1,0,1
CATTCCGCACTCCCAT-1,0,2
CATTCCGGTATCACAC-1,0,0
CATTCCGGTCATAGAA-1,0,2
CATTCCGGTCGCGCTA-1,0,3
CATTGGAAGAGTCCGA-1,0,4
CATTGGACAAACAGTA-1,0,0
CATTGGACAAGAAACT-1,4,2
CATTGGACATTTAGGC-1,0,0
CATTGGAGTCTGTGTA-1,0,0
CATTGGAGTTACCCAA-1,0,1
CATTGGAGTTCTACCC-1,4,2
CATTGGATCGTAGCGC-1,0,1
CCAATGAAGAATATCG-1,0,1
CCAATGACAAGGCTTT-1,0,1
CCAATGACATTTGGTG-1,0,3
CCAATGAGTCGTCGCA-1,0,0
CCAATGATCCCTACGT-1,0,4
CCACAGGAGGATTTGA-1,0,0
CCACAGGCAATGGCTT-1,0,3
CCACAGGCAGGACTGA-1,0,1
CCACAGGCATCCGTGG-1,3,2
CCACAGGCATTTAGGC-1,0,2
CCACAGGGTAGCGTTT-1,0,3
CCACAGGGTATCTGCA-1,0,0
CCACAGGGTTTGTACG-1,0,2
CCACAGGTCCACCTAC-1,0,1
CCACAGGTCCACGCTT-1,0,1
CCACAGGTCCACGGCA-1,0,3
CCACAGGTCGACCCGA-1,0,0
CCACGTTAGAGTGGAA-1,0,1
CCACGTTAGCTAGTTC-1,3,2
CCACGTTAGGAAACTT-1,0,4
CCACGTTAGTAATCAG-1,4,4
CCACGTTAGTTCAAGA-1,0,1
CCACGTTCACGTTGTA-1,0,2
CCACGTTCACTGAAGG-1,0,0
CCACGTTCAGCAGGTA-1,0,1
CCACGTTCAGGATAGC-1,0,0
CCACGTTCATTGTGAC-1,0,2
CCACGTTGTCAATCCA-1,0,1
CCACGTTGTCTTAGCA-1,0,0
CCACGTTTCGATGTAC-1,0,2
CCACGTTTCGCACCGA-1,0,0
CCACGTTTCTATGAGC-1,0,0
CCAGAATAGCTACGCC-1,0,4
CCAGAATCAAAGCTGG-1,0,3
CCAGAATCAATGTGCT-1,0,2
CCAGAATCATACAACC-1,0,1
CCAGAATGTGCCAAGA-1,0,3
CCAGAATGTTACCACA-1,0,3
CCAGAATTCCAGGTCG-1,0,3
CCAGAATTCCCACTAC-1,2,1
CCAGAATTCTGAGTCA-1,0,2
CCAGATAAGACTAGCG-1,0,3
CCAGATAAGCTTTCCC-1,0,2
CCAGATAAGGATGTAT-1,0,1
CCAGATAAGGCAAGGG-1,0,0
CCAGATAAGTGATTAG-1,0,1
CCAGATAAGTTATGAG-1,2,1
CCAGATAAGTTTGGAA-1,0,1
CCAGATACATTTGGCA-1,0,0
CCAGATATCCATTGAG-1,0,4
CCAGATATCCCAATAG-1,0,0
CCAGATATCCCTACCA-1,0,1
CCATACCAGACTTCCA-1,0,0
CCATACCCAAGCGAAC-1,1,2
CCATACCCACACATTG-1,0,2
CCATACCCACTGAAGG-1,0,4
CCATACCGTCAGAAGC-1,2,3
CCATACCGTTATAGAG-1,0,1
CCATACCGTTGAATAG-1,0,2
CCATACCTCTTAAGCG-1,0,0
CCCACATCAACCTCTC-1,0,1
CCCACATCAATCAGGG-1,0,0
CCCACATCATAGAATG-1,0,0
CCCACATCATATACGC-1,0,2
CCCACATCATCGTGAT-1,0,4
CCCACATTCACTGGTA-1,0,2
CCCACATTCCCACGGA-1,0,2
CCCAGAGAGGGAGATA-1,0,2
CCCAGAGGTCGCTAGC-1,0,0
CCCAGAGTCAAACCCA-1,0,1
CCCAGAGTCGCTATAG-1,0,2
CCCGTTAAGAGAGTTT-1,0,2
CCCGTTAAGAGCCACA-1,0,1
CCCGTTAAGCGTCAAG-1,0,1
CCCGTTACAAATTCCG-1,0,4
CCCGTTACACCTGGTG-1,0,1
CCCGTTAGTACTATGC-1,0,2
CCCGTTAGTATTCGAC-1,0,1
CCCGTTAGTGAGTCGA-1,0,0
CCCGTTAGTGGTCGAA-1,0,0
CCCGTTATCTCTATCA-1,1,4
CCCGTTATCTCTGAGA-1,0,2
CCCGTTATCTTCATAC-1,0,0
CCCTAACAGGAACCGT-1,0,3
CCCTAACAGTTAGCAA-1,0,4
CCCTAACCACTGTCAA-1,0,1
CCCTAACCATTAACGC-1,0,0
CCCTAACGTGCGACCT-1,0,0
CCCTAACGTGCTAGTT-1,0,3
CCCTAACTCCAAGTCA-1,0,2
CCCTAACTCTCTGCGT-1,0,1
CCCTAACTCTGGCTAA-1,0,1
CCCTAGTCACTCGCAG-1,0,4
CCCTAGTCAGAGTCGA-1,0,1
CCCTAGTGTTCCCAAA-1,0,3
CCCTAGTTCCGCGATG-1,0,2
CCCTCTCAGGCAATTA-1,0,2
CCCTCTCCAGCAACAG-1,0,1
CCCTCTCCATTCACCC-1,0,0
CCCTCTCGTTCTTATC-1,0,2
CCCTCTCGTTGTGACT-1,0,1
CCCTCTCTCGAGTGTT-1,0,2
CCCTCTCTCGGAAAGC-1,0,0
CCCTCTCTCGTTCTAT-1,0,0
CCCTGATAGAGTGGAA-1,0,0
CCCTGATAGATTGACA-1,0,0
CCCTGATAGGCGTAGT-1,0,3
CCCTGATCAATAGTGA-1,0,2
CCCTGATGTCAGGTGA-1,1,0
CCCTGATGTGAATACA-1,0,0
CCGAAGCAGCTATCCA-1,0,1
CCGAAGCAGTAGTGTA-1,0,0
CCGAAGCCAGCTATAC-1,0,4
CCGAAGCCATTGCACA-1,0,4
CCGAAGCGTTCCCAAA-1,0,3
CCGAAGCTCCCATAGA-1,1,2
CCGCATTAGAGGAACA-1,0,3
CCGCATTAGCAACTGG-1,0,4
CCGCATTAGCACGTAG-1,0,2
CCGCATTCATACTGCA-1,3,2
CCGCATTCATGATCGT-1,3,3
CCGCATTGTGTCCCAG-1,0,1
CCGCATTGTTACGCTA-1,0,4
CCGCATTTCAATCGTG-1,0,3
CCGCATTTCACTAGGT-1,0,3
CCGCATTTCCAACCTC-1,0,2
CCGCATTTCTCGGCGA-1,0,0
CCGTACTAGATGAGGA-1,0,1
CCGTACTAGGAATGGA-1,0,0
CCGTACTAGTCACACT-1,0,0
CCGTACTCAAGTGGCA-1,0,4
CCGTACTCACAACGGA-1,0,0
CCGTACTCACAGATGG-1,0,0
CCGTACTGTGCATTCA-1,1,3
CCGTACTTCTCTATCA-1,0,1
CCGTAGGAGGTGTTGG-1,0,1
CCGTAGGAGTAGCAAT-1,1,2
CCGTAGGCATAGCAGG-1,0,0
CCGTAGGGTACTTCAG-1,0,3
CCGTAGGTCGCACCTT-1,0,2
CCGTAGGTCGGTACTA-1,0,0
CCGTGAGCAATAGCGG-1,1,2
CCGTGAGGTTTGACCA-1,0,1
CCGTGAGTCATCATGG-1,0,1
CCTAAAGAGGCCAGTA-1,0,3
CCTAAAGAGGGTTCCC-1,0,0
CCTAAAGCATCTGCAA-1,0,1
CCTAAAGGTACAACGG-1,0,2
CCTAAAGGTACGTAAA-1,0,2
CCTAAAGGTCAAACAA-1,0,3
CCTATTAAGTCCGATT-1,0,1
CCTATTACAAGCCAGA-1,0,4
CCTATTACACCACAGC-1,0,4
CCTATTAGTAACATAG-1,0,0
CCTATTAGTAGCAGCA-1,0,1
CCTATTAGTTACCACA-1,0,1
CCTATTAGTTGAAGCG-1,0,2
CCTATTATCAGGTTTG-1,0,1
CCTCCCTCACCTACCT-1,0,3
CCTCCCTCAGATTTGC-1,0,0
CCTCCCTGTCCCTAAA-1,0,3
CCTCCCTTCAATCGTG-1,0,3
CCTCCCTTCTTACCTA-1,0,4
CCTGCTAAGAGGAATG-1,0,1
CCTGCTAAGTGTCGGA-1,0,1
CCTGCTACAGTATCTG-1,0,4
CCTGCTACATCCCGGA-1,0,2
CCTGCTAGTGTGTGTT-1,0,2
CCTGCTATCTATAGGC-1,0,1
CCTGGGAAGGCAGTGT-1,0,0
CCTGGGACATCACAAC-1,0,3
CCTGGGAGTATTCTGG-1,0,3
CCTGGGAGTCTAAAGA-1,0,1
CCTGGGAGTGCGTCCA-1,0,3
CCTGGGAGTTTCAGCA-1,1,2
CCTGGGATCAACGTGT-1,0,2
CCTGGGATCAATTGGC-1,0,4
CCTGGGATCCAGCACG-1,0,2
CCTGGGATCGCACCTT-1,0,0
CCTGGGATCTATTTCG-1,0,0
CCTTAATAGGGCGAAG-1,0,3
CCTTAATCAAGGAACC-1,0,0
CCTTAATGTAGTTTGC-1,0,1
CCTTAATGTTAGGAAT-1,0,3
CCTTAATTCACATTCT-1,0,0
CCTTAATTCCTAAAGC-1,0,0
CCTTAATTCTGGAAGG-1,0,4
CCTTGCAAGATGCGAC-1,0,2
CCTTGCAAGCGTCTGC-1,0,0
CCTTGCAAGGATTGCG-1,0,0
CCTTGCAAGGATTTGA-1,0,1
CCTTGCAGTAAGGTCG-1,0,2
CCTTGCAGTCCTTCAC-1,0,2
CCTTGCATCACGTGTA-1,0,0
CCTTGGTAGACCCTAT-1,0,4
CCTTGGTAGCACACCC-1,0,0
CCTTGGTGTATATGGA-1,0,1
CCTTGGTTCACAACAC-1,0,3
CCTTGGTTCCAGTACA-1,1,2
CCTTGGTTCGCTATAG-1,0,1
CGAGTTAAGCTGCTCG-1,0,3
CGAGTTAAGGTTACAA-1,0,3
CGAGTTACATAGATAG-1,0,2
CGAGTTACATCGTACA-1,0,0
CGAGTTAGTACGGAGT-1,0,1
CGAGTTATCAACGTGT-1,0,0
CGAGTTATCCACCTAC-1,0,4
CGAGTTATCCCACTAC-1,0,0
CGATGATCACAGGTAG-1,0,4
CGATGATCACTTACAG-1,0,0
CGATGATGTAATGTAG-1,0,3
CGATGATTCTGCTACC-1,0,1
CGCAATACAAAGCTGG-1,0,1
CGCAATACATCCTCGT-1,0,1
CGCAATAGTACAAATG-1,0,2
CGCAATAGTAGGGTTG-1,0,0
CGCAATAGTGCCCTAG-1,0,1
CGCAATATCATGCTTT-1,0,0
CGCAATATCCTTTGAT-1,0,0
CGCAATATCTCCCTTT-1,0,2
CGCAATATCTGGCGCA-1,0,3
CGCAATATCTTCCACG-1,0,2
CGCACAGAGAACCCGA-1,0,4
CGCACAGAGCTGAATA-1,0,0
CGCACAGAGGGCTTCC-1,0,1
CGCACAGAGTCCGGAA-1,0,0
CGCACAGAGTCTGTGT-1,0,3
CGCACAGCAAAGAAGG-1,0,0
CGCACAGCACTAGGAG-1,0,4
CGCACAGCAGAAAGAG-1,0,0
CGCACAGCATTTGGCA-1,0,3
CGCACAGGTATCTAGC-1,0,2
CGCACAGGTGCCCAGT-1,0,0
CGCACAGGTGGACAGT-1,0,1
CGCACAGGTTATAGAG-1,0,1
CGCACAGGTTCTCGAA-1,0,0
CGCAGGTAGCGTAGCA-1,0,3
CGCAGGTAGCGTTGCC-1,0,4
CGCAGGTCATCCTGGG-1,0,1
CGCAGGTGTAGCGGTA-1,0,0
CGCAGGTGTCAGACGA-1,0,1
CGCAGGTTCCTCCTGA-1,0,2
CGCGCAACAAGCAACG-1,0,2
CGCGCAACATAGTCCA-1,0,4
CGCGCAATCATTCTCA-1,0,2
CGCTAGGAGATATGTG-1,1,4
CGCTAGGCAAACAGTA-1,0,2
CGCTAGGGTCTGGTCG-1,0,0
CGCTAGGGTCTGTGTA-1,0,2
CGCTAGGTCCACACCT-1,2,4
CGCTAGGTCCATGTTT-1,0,4
CGCTAGGTCGGTACTA-1,0,0
CGCTATCAGCAGAAAG-1,0,3
CGCTATCAGTCTCCAA-1,1,4
CGCTATCGTCATCAAC-1,0,0
CGCTATCTCCGATTGA-1,0,3
CGCTGGATCGGGAATG-1,2,1
CGCTGGATCGTTGTTT-1,0,4
CGGACCAAGCTAGTTC-1,0,2
CGGACCAAGCTTCAAC-1,0,1
CGGACCACAATTCAGC-1,0,1
CGGACCAGTCAATACC-1,0,3
CGGACCAGTTCCCTTG-1,0,1
CGGACCAGTTGGTAAA-1,0,1
CGGACCATCGTAGCGC-1,0,1
CGGACTGAGGAGTAGA-1,0,1
CGGACTGCACTGATTG-1,0,4
CGGACTGCATTAAGGA-1,2,3
CGGACTGGTAGGGTCA-1,0,3
CGGACTGGTCACAGGA-1,0,2
CGGACTGGTGCACTTA-1,0,1
CGGTGCAAGCGTTGCC-1,0,3
CGGTGCAAGTCCGGAA-1,0,2
CGGTGCACAATGCCAT-1,0,1
CGGTGCACACGGCCAT-1,0,0
CGGTGCAGTATCCTTT-1,0,0
CGGTGCAGTCCTTATT-1,0,1
CGGTGCATCCGAGAGA-1,0,1
CGGTGCATCTATTGTC-1,0,2
CGTAAACCACGGCCAT-1,1,0
CGTAAACCAGGACTGA-1,0,4
CGTAAACCAGGCACAA-1,0,0
CGTAAACTCGCACAAT-1,0,4
CGTAAACTCGTTACAG-1,4,2
CGTACAAAGACCTATC-1,0,1
CGTACAAAGGATGCCA-1,0,1
CGTACAACACCCATCT-1,0,2
CGTACAACACGCGACT-1,1,3
CGTACAACAGGTGTCC-1,0,0
CGTACAACATGGATGG-1,0,1
CGTACAAGTGACCAGA-1,0,0
CGTACAAGTTAGGCTT-1,0,3
CGTACAATCTCCTTGG-1,0,3
CGTGGCAAGGCTCAGA-1,0,2
CGTGGCAAGTAGCAAT-1,0,1
CGTGGCACATATACGC-1,0,4
CGTGGCACATGTAGAA-1,0,3
CGTGGCAGTAATGTGA-1,0,1
CGTGGCATCCACGCTT-1,0,2
CGTTCCAAGAGGCGGA-1,0,1
CGTTCCAAGTGAACCG-1,0,0
CGTTCCAAGTTCCAGT-1,0,1
CGTTCCACAAGGAAGA-1,0,2
CGTTCCACAGGTTATC-1,0,1
CGTTCCACATCATCGA-1,0,1
CGTTCCAGTCCTTATT-1,0,1
CGTTCCAGTGGTTCTA-1,0,0
CGTTCCATCAAATGGA-1,0,0
CGTTCCATCCCACTTG-1,0,3
CGTTCCATCGATAGGG-1,0,0
CTAACTTAGGATCCTT-1,0,1
CTAACTTAGGGCGAAG-1,0,1
CTAACTTAGTGAGCTG-1,0,1
CTAACTTAGTGTCCCG-1,0,3
CTAACTTAGTGTCGGA-1,0,2
CTAACTTCAAGATTAG-1,4,3
CTAACTTCACAAACGG-1,0,2
CTAACTTCACATCATG-1,1,0
CTAACTTGTCAAGACG-1,0,2
CTAACTTGTGCGTTTA-1,0,1
CTAACTTGTTATGCAC-1,0,1
CTAACTTTCGGGACAA-1,0,0
CTAACTTTCTAAACGC-1,0,4
CTAACTTTCTCGTGAA-1,0,0
CTACAGAAGCAACTGG-1,0,0
CTACAGACAAACCTAC-1,0,0
CTACAGACAGGGTACA-1,1,1
CTACAGACAGGTAACG-1,0,1
CTACAGACATCAGCTA-1,0,3
CTACAGAGTAGGTCTT-1,0,1
CTACAGAGTCAGTGTT-1,0,3
CTACAGAGTGTCCTTC-1,0,1
CTACAGATCCACGGCA-1,0,3
CTACAGATCGCGATGC-1,0,2
CTACTTAAGGAGGCGA-1,0,3
CTACTTAAGTGCAACG-1,0,4
CTACTTACAACATAAG-1,0,3
CTACTTACATTGTGAC-1,0,4
CTACTTAGTATCTCAG-1,0,4
CTACTTAGTATTCTCT-1,0,2
CTACTTAGTCACAGTT-1,0,0
CTACTTAGTCCGTGCA-1,0,1
CTACTTATCGAGGTCC-1,0,0
CTAGCGGAGCCATCAT-1,0,3
CTAGGATAGAATATCG-1,0,3
CTAGGATAGCAGTAGC-1,0,1
CTAGGATAGCTAACAA-1,0,2
CTAGGATCAAGGAGGG-1,0,0
CTAGGATCACATATCG-1,0,0
CTAGGATGTAATGTAG-1,0,0
CTAGGATGTGCGTAGA-1,0,4
CTAGGATTCCTATCCG-1,0,1
CTAGGGCAGTAATCAG-1,0,3
CTAGGGCCACAAGGGT-1,0,3
CTAGGGCCATTATGGC-1,0,3
CTAGGGCGTCATAAGA-1,0,0
CTAGGGCTCCGTACGG-1,0,1
CTAGGGCTCTCTGAGA-1,0,3
CTCAACCCACGCGCAT-1,0,2
CTCAACCCACTGGGCT-1,0,2
CTCAACCCAGTCCTGG-1,0,1
CTCAACCGTTGGTAAA-1,0,0
CTCACCAAGACGCCCT-1,0,1
CTCACCAAGGTCGTTT-1,0,0
CTCACCACACAGCTTA-1,0,2
CTCACCACACGGTTAT-1,0,2
CTCACCAGTACAACGG-1,0,0
CTCACCAGTCGAGGTA-1,0,2
CTCACCAGTCTCTAAG-1,0,1
CTCACCATCCACGCTT-1,0,3
CTCACCATCGGGTCCA-1,0,3
CTCACCATCGTATAGC-1,0,2
CTCAGAAAGATGAGGA-1,0,0
CTCAGAAAGGGTCCCT-1,0,2
CTCAGAAAGTTGCCGC-1,0,3
CTCAGAAGTACCAAGG-1,0,0
CTCAGAAGTACTTGAC-1,0,3
CTCAGAAGTTAACTCG-1,3,0
CTCAGAAGTTCCCAAA-1,0,2
CTCAGAATCCTCCTGA-1,2,3
CTCAGAATCGCAAACT-1,0,4
CTCAGAATCGCTCGGA-1,0,3
CTCAGAATCTCTTAAC-1,0,2
CTCAGCTAGGCTTAAA-1,0,1
CTCAGCTCAATACTGC-1,0,0
CTCAGCTCACTACACA-1,0,0
CTCATGCAGGTGTCGA-1,0,2
CTCATGCAGTGATATG-1,0,1
CTCATGCCAAAGCATA-1,0,3
CTCATGCCATGCGCTG-1,0,0
CTCATGCTCGTGAGTT-1,0,2
CTCCCAACATTGATGC-1,0,4
CTCCCAAGTACCTATG-1,0,2
CTCCCAAGTGGTAAGC-1,0,1
CTCCCAATCAGTGTGT-1,0,3
CTCCCAATCCATGACA-1,1,1
CTCCCAATCCTCCTGA-1,0,2
CTCCCAATCGAACACT-1,0,0
CTCCCAATCTTCTTCC-1,0,0
CTCGCTAAGGGTATCG-1,0,1
CTCGCTACACAAGGGT-1,2,2
CTCGCTACAGGTGGTA-1,0,2
CTCGCTACATTGCGAT-1,0,4
CTCGCTAGTAAACGAT-1,2,2
CTCGCTAGTTACGAAA-1,0,0
CTCGCTATCCCTACCA-1,1,2
CTCGCTATCGGATAAA-1,0,0
CTCTACGCAAACGTTC-1,0,0
CTCTACGCATCATGTG-1,0,1
CTCTACGGTCACATTG-1,0,0
CTCTACGGTTACGCTA-1,0,2
CTCTACGGTTTCACCC-1,0,1
CTCTACGTCACGTCAA-1,0,4
CTCTACGTCCCAGCGA-1,0,0
CTCTACGTCCTCCCAA-1,0,2
CTCTACGTCCTCCTGA-1,0,3
CTCTACGTCGTGGAAG-1,0,4
CTCTAGCGTCTGGGAA-1,0,0
CTCTCAGAGAACAGGA-1,0,4
CTCTCAGAGAGGCCTA-1,0,0
CTCTCAGAGATTGACA-1,0,3
CTCTCAGCACATAAAG-1,0,3
CTCTCAGGTTCTGAGT-1,0,1
CTCTCAGGTTTGCGAT-1,0,2
CTCTCAGTCTCCTTAA-1,0,0
CTCTCAGTCTTAACGG-1,0,1
CTCTCGAAGCCATTCA-1,2,1
CTCTCGACACCTGTGG-1,0,3
CTCTCGACACGGTTAT-1,0,1
CTCTCGAGTTCTGAGT-1,0,0
CTCTCGATCAAGAGAT-1,4,0
CTCTCGATCACATCCC-1,0,1
CTCTCGATCCACCTAC-1,0,1
CTCTCGATCGAGGTAG-1,0,2
CTCTCGATCTGAAAGA-1,0,2
CTGAATGAGTACAACA-1,0,1
CTGAATGCAAACTACC-1,0,1
CTGAATGCATAGGCGA-1,0,0
CTGAATGGTACGGTTT-1,0,0
CTGAATGGTGGTGGTA-1,0,0
CTGAATGGTTTAAGGA-1,0,0
CTGCGTTAGGATGTAT-1,0,0
CTGCGTTCAAACAGTA-1,0,0
CTGCGTTCAAACGTTC-1,0,0
CTGCGTTCATTAGCCA-1,1,1
CTGCGTTGTATCCTTT-1,0,2
CTGCGTTTCCCAATAG-1,0,1
CTGCTCACACATTCTT-1,0,4
CTGCTCACATGTGAGG-1,0,0
CTGCTCAGTAGAACGC-1,0,0
CTGCTCAGTAGGGTTG-1,0,2
CTGCTCAGTTGGTAAA-1,0,3
CTGCTCATCAGAACGG-1,2,1
CTGGCAGAGGTGTCGA-1,0,2
CTGGCAGAGTGGTGTG-1,0,4
CTGGCAGCAAGCAATA-1,0,1
CTGGCAGTCGGTCCGA-1,0,2
CTGGGACAGCATTGGG-1,0,2
CTGGGACAGTCTAGAA-1,0,1
CTGGGACCACTCAGCG-1,1,4
CTGGGACGTATTCGCA-1,0,2
CTGGGACTCAACGTGT-1,0,2
CTGGGACTCGGTTAGT-1,3,1
CTGTATTAGACTAATG-1,0,0
CTGTATTAGCTGAATA-1,0,2
CTGTATTAGCTGGAGT-1,0,3
CTGTATTAGGATGTAT-1,0,3
CTGTATTAGGCCAATG-1,0,0
CTGTATTAGTCTAGAA-1,0,1
CTGTATTCATTTGGCA-1,0,4
CTGTATTGTCCTATTT-1,0,2
CTGTATTGTCTCTAAG-1,0,3
CTGTATTGTGAGTCGA-1,0,0
CTGTATTTCCGTTAGA-1,0,0
CTGTATTTCCTATCAT-1,0,1
CTGTTCGAGGATGTAT-1,1,2
CTGTTCGAGGTTAGTA-1,0,1
CTGTTCGCAGGTAACG-1,0,1
CTGTTCGCAGTATACC-1,0,4
CTGTTCGGTATCTGCA-1,0,3
CTGTTCGGTGTGTGTT-1,0,0
CTGTTCGTCAAGAGAT-1,0,0
CTGTTCGTCCAAGAGG-1,0,0
CTGTTCGTCCATGTTT-1,0,3
CTTAATCAGCCCATTA-1,0,4
CTTAATCAGGATTGCG-1,0,1
CTTAATCCAGAACAGC-1,0,2
CTTAATCCATGTATCG-1,0,2
CTTAATCGTCACAGGA-1,0,3
CTTAATCTCAACACGT-1,3,4
CTTAATCTCAACTTGG-1,4,0
CTTAATCTCCAAGAGG-1,0,0
CTTCCAGCAGTAAGCG-1,1,0
CTTCCAGCATGGGTGA-1,0,1
CTTCCAGGTTGGACGA-1,0,1
CTTCCAGGTTGGCTTA-1,0,3
CTTCCAGTCAGGAATA-1,0,0
CTTCCAGTCCATACGA-1,0,1
CTTCTAAGTAATGTGA-1,0,2
CTTCTAAGTAGTATCC-1,0,1
CTTCTAATCAAGGCAG-1,0,1
CTTCTAATCATGCTTT-1,0,3
CTTGAAGAGAAGCCTG-1,0,1
CTTGAAGCAGAGCCAA-1,0,2
CTTGAAGCATCAGCTA-1,4,2
CTTGAAGGTAATGTGA-1,0,1
CTTGAAGGTCAATACC-1,0,4
CTTGAAGGTGGTACTT-1,0,0
CTTGAAGTCCAACGCG-1,0,3
CTTGAAGTCTGTTTAC-1,0,1
CTTGCCAAGGCAATTA-1,0,3
CTTGCCACAAGGACCA-1,0,3
CTTGCCACACAACGGA-1,0,2
CTTGCCAGTAAGGTCG-1,0,3
CTTGCCAGTTCCAATG-1,0,2
CTTGCCAGTTGGTAAA-1,0,0
CTTGCCATCCATAACG-1,0,1
CTTGCCATCCATCGAA-1,0,3
CTTGCCATCTATCTCA-1,0,4
CTTGCTGAGGGAAGCG-1,0,3
CTTGCTGAGTGTTCCA-1,0,0
CTTGCTGGTGCATTCA-1,0,2
CTTGCTGTCTCTGAGA-1,0,4
CTTGCTGTCTTGTCAT-1,0,3
CTTGTCGCAAAGGCCA-1,0,1
CTTGTCGCAATACTGC-1,0,0
CTTGTCGCACTCAGCG-1,0,0
CTTGTCGCATAGTCCA-1,0,2
CTTGTCGCATGGTTTG-1,4,1
CTTGTCGGTTACCACA-1,0,4
CTTGTCGTCAAATGGA-1,0,4
CTTGTCGTCCGGAAAG-1,0,0
CTTTGCGTCCAGTTAG-1,0,4
GAAACAAAGAAATACC-1,0,1
GAAACAAAGAGGAATG-1,0,4
GAAACAAAGCAATGTA-1,0,4
GAAACAAAGCGAGAAA-1,0,3
GAAACAAAGTACAGTA-1,0,1
GAAACAAAGTCAGCCC-1,0,0
GAAACAAAGTGCCCTG-1,0,3
GAAACAAAGTTTGGAA-1,0,0
GAAACAACACAAGTGG-1,0,0
GAAACAACATTACACG-1,0,0
GAAACAAGTACAAGCG-1,0,2
GAAACAATCCAACGCG-1,0,1
GAAACAATCCCACGGA-1,0,3
GAAACAATCGGGACAA-1,0,2
GAAACAATCGTTTGAG-1,0,3
GAAACAATCTTACTCA-1,0,1
GAAAGTAAGCGTTGCC-1,0,2
GAAAGTAGTACGTAGG-1,0,0
GAAATGAAGGATTAAC-1,0,3
GAAATGAAGGATTTGA-1,0,3
GAAATGACAAACTACC-1,4,4
GAAATGACAGCTATAC-1,0,0
GAAATGACATTATGGC-1,0,2
GAAATGAGTCCCGTGA-1,0,0
GAAATGAGTGATAAGT-1,0,0
GAACCGCAGGGAAATG-1,0,2
GAACCGCAGTGAGTTA-1,0,3
GAACCGCCAGTAACGG-1,0,2
GAACCGCCATGATTGC-1,0,4
GAACCGCGTAAGCCGA-1,0,1
GAACCGCGTAGAGAGA-1,0,4
GAACCGCGTAGGGTCA-1,0,1
GAACCGCTCACATCCC-1,0,0
GAACCGCTCGGGCTCA-1,0,4
GAACCTAAGTGAGCAC-1,0,1
GAACCTACACAAACAA-1,0,2
GAACCTACATTAGCCA-1,2,3
GAACCTAGTTGGACGA-1,1,3
GAACCTAGTTTCCGGG-1,0,3
GAACCTATCCGTACGG-1,0,3
GAACGTTAGGGATCCA-1,0,0
GAACGTTCACCTTGTC-1,0,4
GAACGTTTCCAAACCA-1,0,3
GAACGTTTCGATGTAC-1,0,0
GAACTTGAGCTTTCCC-1,0,4
GAACTTGCACGCGCAT-1,0,1
GAACTTGCACGTTGTA-1,0,2
GAACTTGGTCAGGTGA-1,0,2
GAACTTGTCCAGTACA-1,0,3
GAACTTGTCCTAAAGC-1,0,1
GAACTTGTCGCACCGA-1,2,0
GAAGAGCCAGTAGGCA-1,0,2
GAAGAGCTCGCATAAC-1,0,0
GAAGTCTAGACCCATT-1,1,4
GAAGTCTAGTACAACA-1,0,2
GAAGTCTAGTCCCTCT-1,0,1
GAAGTCTCAACGGGTA-1,1,4
GAAGTCTGTGCACCCA-1,0,2
GAAGTCTTCCCACTTG-1,0,4
GAAGTGGCAATGTAAG-1,4,2
GAAGTGGCATCATCGA-1,0,2
GAAGTGGTCAGTCAAC-1,0,1
GAAGTGGTCATTCTTG-1,0,2
GAAGTGGTCCCATAGA-1,0,0
GAAGTGGTCTTCGTTA-1,0,3
GAATCTGAGAAATACC-1,0,2
GAATCTGAGGCACTAG-1,0,0
GAATCTGCAGCGTACC-1,0,0
GAATCTGGTTAGGAAT-1,2,2
GACCAATCAGGTGTCC-1,0,1
GACCAATCATGGTAAA-1,0,4
GACCAATGTAGAGAGA-1,0,0
GACCAATGTGCAAGCA-1,0,2
GACCAATTCCTTACGC-1,0,1
GACCAATTCCTTCGAC-1,0,0
GACCAATTCTCGACAA-1,2,4
GACCAATTCTGAGTCA-1,0,1
GACCCAGCACATTCTT-1,0,3
GACCCAGGTAGAACGC-1,0,0
GACCCAGGTTGAATAG-1,0,2
GACCCAGGTTTGTGAC-1,0,1
GACCCAGTCCAGGGAA-1,1,1
GACCGACAGAGAGTAG-1,0,3
GACCGACAGCTGAGGT-1,0,0
GACCGACGTGATGTGG-1,0,2
GACCTTCAGATGAGGA-1,0,1
GACCTTCAGTCTCTAG-1,0,1
GACCTTCCAACGCACC-1,0,0
GACCTTCCAGATTAAG-1,3,0
GACCTTCCAGCAGGTA-1,0,3
GACCTTCCATGCGTTA-1,0,2
GACCTTCCATTTCACT-1,0,1
GACCTTCGTAACTGAA-1,0,4
GACCTTCTCAGCACTA-1,0,4
GACCTTCTCGGTGATT-1,0,3
GACTAACAGAATGCTA-1,0,2
GACTAACAGGAGGCGA-1,0,4
GACTAACAGTCTGCTA-1,0,3
GACTAACGTGTCCCAG-1,0,4
GACTAACGTTCCCTTG-1,0,1
GACTAACGTTGTGACT-1,0,4
GACTAACTCGATAGGG-1,0,0
GACTAGTAGGATGCCA-1,0,2
GACTAGTAGGCCAGTA-1,0,2
GACTAGTCAAGATGCG-1,0,2
GACTAGTCAAGTTGCT-1,0,2
GACTAGTCATGGAGGT-1,0,0
GACTAGTTCAACGTGT-1,0,4
GACTAGTTCACTAGGT-1,0,4
GACTAGTTCCGTTAGA-1,0,0
GACTAGTTCGGCATAT-1,0,3
GACTAGTTCGGTTCCT-1,0,1
GAGAACGCAGGAGCAT-1,0,1
GAGAACGTCAAGGCCC-1,0,2
GAGACTTAGCACCATT-1,0,2
GAGACTTTCCACGCTT-1,0,2
GAGACTTTCCCATAGA-1,0,2
GAGACTTTCGTATAGC-1,0,2
GAGATTCAGTGCTAGG-1,0,3
GAGATTCCAATGATGA-1,0,0
GAGATTCCACGTTAGT-1,0,1
GAGATTCGTCAAACAA-1,0,4
GAGATTCGTCATAGCT-1,0,0
GAGATTCGTGCTAGTT-1,0,4
GAGATTCTCAAGAGGC-1,0,2
GAGATTCTCACAACAC-1,0,1
GAGATTCTCCATCGAA-1,2,3
GAGATTCTCCGTGCAG-1,0,4
GAGATTCTCGATTACG-1,0,2
GAGCATTAGCGTTAGG-1,0,0
GAGCATTAGTACGCGA-1,0,0
GAGCATTCACAGTAGG-1,0,1
GAGCATTGTAACGTAA-1,0,2
GAGCATTGTAATGCAA-1,0,0
GAGCATTGTCTCGGGT-1,0,2
GAGCATTGTGTCCCAG-1,0,0
GAGCATTGTTCAGTTG-1,2,0
GAGCATTGTTGGTAAA-1,0,1
GAGCATTTCGAGTGTT-1,0,2
GAGCATTTCGGTACTA-1,0,0
GAGCATTTCTATCCTA-1,0,3
GAGCATTTCTGAAAGA-1,2,0
GAGCGCTAGTAACACA-1,0,1
GAGCGCTCAGGTAACG-1,0,1
GAGCGCTGTATCATGC-1,0,3
GAGCGCTTCACTACCC-1,0,2
GAGGATGAGACTCTTG-1,0,0
GAGGATGAGGCGTCCT-1,0,3
GAGGATGAGTCTCTAG-1,0,2
GAGGATGCACAAACGG-1,0,3
GAGGATGCAGTATACC-1,0,2
GAGGATGGTCGACTGC-1,0,3
GAGGATGTCAGCACTA-1,0,0
GAGGATGTCATGCTTT-1,0,4
GAGGATGTCTCCTTAA-1,0,1
GAGGCTCGTAGATTAG-1,0,0
GAGGCTCGTCACCCGA-1,0,0
GAGGCTCTCAGTCACA-1,0,0
GAGGTCCAGAGCTCCC-1,1,3
GAGGTCCAGTTCGCGC-1,0,3
GAGGTCCCACGGTGTC-1,0,0
GAGGTCCGTAACAATG-1,0,1
GAGGTCCTCCTGAAAC-1,0,2
GAGGTCCTCGTGGTAT-1,1,0
GAGTGAGAGAAACGCC-1,0,1
GAGTGAGAGACTCTTG-1,0,2
GAGTGAGAGTGAAGGA-1,0,0
GAGTGAGCATTAGCAC-1,0,0
GAGTGAGGTATTGTCG-1,0,1
GAGTGAGGTCTGTCCT-1,0,4
GAGTGAGGTGTACGCC-1,3,4
GAGTGAGGTTGGAGGT-1,0,3
GAGTGAGTCCAAGAGG-1,1,1
GAGTGAGTCGCCACTT-1,0,4
GAGTGAGTCGTGAGTT-1,0,2
GATCATGGTGAATACA-1,0,2
GATCATGGTGTTGTTG-1,0,3
GATCATGTCCATCGAA-1,2,2
GATCGTAAGACGTCAG-1,0,4
GATCGTAAGTACAGAT-1,0,1
GATCGTAAGTATAGTG-1,0,4
GATCGTACAATTGGCT-1,0,0
GATCGTACACCGATCG-1,0,0
GATCGTACACGCTAAT-1,0,0
GATCGTACAGTAACGG-1,0,4
GATCGTACAGTCAGAG-1,0,0
GATCGTAGTCCTCAGG-1,0,0
GATCGTAGTGCAACAG-1,0,3
GATCGTATCCCTACCA-1,0,2
GATGATCAGTGCTAGG-1,0,1
GATGATCGTTATGCAC-1,0,3
GATGATCTCAGGAAGC-1,0,1
GATGATCTCGAGGTCC-1,0,2
GATGGCCAGCACCATT-1,0,0
GATGGCCAGTTTACGC-1,0,2
GATGGCCCACCAAGGA-1,0,0
GATGGCCCAGAAGTGC-1,0,0
GATGGCCTCGTCCCAT-1,0,2
GATTAGCCAAAGAAGG-1,0,0
GATTAGCCAGCAAACG-1,0,3
GATTAGCCATGTGGGA-1,0,1
GATTAGCGTACTTCGA-1,0,2
GATTAGCTCACTACCC-1,0,2
GATTAGCTCTGATCCC-1,0,3
GATTGACAGACTAGCG-1,0,3
GATTGACTCACTGGTA-1,0,0
GCAAAGGAGCAATGTA-1,0,0
GCAAAGGCAACACGGA-1,0,1
GCAAAGGCAAGGAGGG-1,1,0
GCAAAGGGTTTCCTAT-1,0,3
GCAAAGGTCGCACCTT-1,0,4
GCAACCGAGCCTGGTC-1,0,0
GCAACCGCACACTAGT-1,0,0
GCAACCGGTCGTCGCA-1,0,0
GCACCTTAGGTTAACA-1,0,3
GCACCTTAGTACCCAT-1,0,1
GCACCTTGTCAGAAAT-1,0,2
GCACCTTGTTAGCTCA-1,0,4
GCACCTTTCAGAGTGG-1,0,0
GCACCTTTCCCACTAC-1,0,1
GCACGCAAGTCCAGAG-1,0,0
GCACGCACAAGAGCGT-1,0,0
GCACGCACATTGAACC-1,2,3
GCACGCAGTTTGCATG-1,0,1
GCACGCATCGATGTGT-1,0,1
GCACGCATCGCTAGTA-1,0,0
GCACGGTAGCGTAGCA-1,0,4
GCACGGTAGTTGCCGC-1,1,0
GCACGGTCACCACCAG-1,0,4
GCACGGTTCCCAATGA-1,0,2
GCACGGTTCTCGACCT-1,0,2
GCAGATTAGGCAATTA-1,0,2
GCAGATTAGGTTAGTA-1,1,2
GCAGATTAGTATACGA-1,0,3
GCAGATTAGTGGGACT-1,0,0
GCAGATTCAGGAGCAT-1,0,1
GCAGATTGTGCCAAGA-1,0,2
GCAGATTTCAAATGGA-1,0,1
GCAGATTTCAGCACTA-1,0,0
GCAGATTTCTCTCAAT-1,0,3
GCAGCCAGTAGATTAG-1,0,0
GCAGCCATCATAGGTC-1,0,3
GCAGCCATCTACCCGT-1,0,2
GCAGCTGCAGTTGGAG-1,0,1
GCAGCTGTCCAGTACA-1,1,3
GCAGCTGTCCTCATTA-1,0,2
GCATGATAGATCCGAG-1,0,0
GCATGATCATGTAGAA-1,0,4
GCATGATGTTACTACG-1,0,3
GCATGATTCGTTCCGT-1,0,4
GCATTCCCAAAGAGAG-1,0,4
GCATTCCCAATGACTC-1,0,0
GCATTCCCACATAAAG-1,0,2
GCATTCCCATCACAAC-1,0,0
GCATTGAGTGCGCTCA-1,0,2
GCATTGATCCTGGGAC-1,0,3
GCCAGACCAAGTAACA-1,0,0
GCCAGACGTTCTTAGG-1,0,1
GCCAGACTCGCGATGC-1,0,1
GCCAGACTCTCATCCG-1,0,1
GCCAGCATCGCACCGA-1,0,1
GCCATAAAGCAGAAAG-1,0,3
GCCATAAAGGATTGCG-1,0,0
GCCATAAAGGTCTTTG-1,0,1
GCCATAAAGTAACTCC-1,0,1
GCCATAACAAAGGTCG-1,0,4
GCCATAACATCTCACC-1,0,0
GCCATAATCCAATCCC-1,0,0
GCCCAGAAGGGACGTT-1,0,0
GCCCAGACAAAGGCCA-1,0,3
GCCCAGACAAGTCTGT-1,0,4
GCCCAGACACAAGTGG-1,0,0
GCCCAGACACGTGAAG-1,0,0
GCCCAGAGTCAGGTGA-1,0,2
GCCCAGAGTCTGTGTA-1,1,2
GCCCAGAGTGGCGCTT-1,0,3
GCCCGAAAGAGATTAC-1,0,3
GCCCGAAAGCTCGTTA-1,0,2
GCCCGAAAGTGATAAC-1,0,0
GCCCGAACAAGCGACA-1,0,1
GCCCGAACATGGCCCA-1,0,4
GCCCGAAGTGCAAAGC-1,0,1
GCCTACTAGTAGGTCG-1,0,0
GCCTACTCAATGGCTT-1,0,3
GCCTACTCACAACGGA-1,0,1
GCCTACTCACACACAT-1,0,0
GCCTACTCACCGTTGG-1,0,1
GCCTACTCACGTTGTA-1,1,2
GCCTACTGTCATGAGG-1,0,2
GCCTACTGTGTTTCTT-1,0,1
GCCTACTTCAGCACGC-1,0,0
GCCTACTTCGCACCGA-1,0,0
GCCTACTTCGTTACAG-1,0,1
GCCTAGGAGGACTAGC-1,1,1
GCCTAGGGTCGTAGTT-1,0,1
GCGAGAAAGCGTGTTT-1,0,0
GCGAGAACAAAGAAGG-1,0,4
GCGAGAACAGCGTGAA-1,0,4
GCGAGAACATCCATAG-1,0,4
GCGAGAAGTACTTCGA-1,0,0
GCGAGAAGTAGTCCAT-1,0,3
GCGAGAAGTCATTGCA-1,0,3
GCGAGAATCATTCGGA-1,0,4
GCGAGTCCACAGGTAG-1,0,2
GCGAGTCCACGTGAAG-1,0,3
GCGAGTCGTGGCCTTG-1,0,0
GCGAGTCTCCAAGTCA-1,0,1
GCGAGTCTCGCAACTA-1,0,0
GCGAGTCTCGTGGAAG-1,0,3
GCGAGTCTCTCATCCG-1,0,1
GCGAGTCTCTGGAAGG-1,0,0
GCGATCGAGACAACGC-1,0,0
GCGATCGAGCTGGAGT-1,0,2
GCGATCGCACTTATGG-1,3,4
GCGATCGGTTCCGGCA-1,0,1
GCGATCGTCGCATAAC-1,0,3
GCGATCGTCTATGAGC-1,0,0
GCGATTAGTCCAACCG-1,0,3
GCGATTAGTGGTCGAA-1,0,0
GCGCATGAGGCCAATG-1,0,3
GCGCATGAGTCGATAA-1,0,3
GCGCATGGTCGTAGTT-1,0,1
GCGCATGGTGTGTGTT-1,0,3
GCGCATGTCAGGGTTT-1,0,1
GCGCATGTCCACGAGC-1,3,0
GCGCCAAAGAAATCTG-1,0,4
GCGCCAAAGGTTAACA-1,0,2
GCGCCAAAGTTCTCCC-1,0,3
GCGCCAAAGTTTGGAA-1,4,4
GCGCCAACAATCCATG-1,0,3
GCGCCAACAATTCTCT-1,2,2
GCGCCAACAGGACCTC-1,0,4
GCGCCAACAGTCAGAG-1,2,4
GCGCCAACATGACTGT-1,0,1
GCGCCAAGTAAAGCTA-1,0,4
GCGCCAAGTACGAGAC-1,0,4
GCGCCAAGTTACTACG-1,0,4
GCGCCAAGTTGCTTGA-1,0,2
GCGCCAATCCAGTTAG-1,0,4
GCGGAAAAGCCTCGCA-1,0,4
GCGGAAAAGCTGCCAC-1,0,0
GCGGAAAAGGGCATTG-1,0,1
GCGGAAAAGTATAGTG-1,0,0
GCGGAAACAATCCATG-1,0,4
GCGGAAAGTATCATGC-1,1,4
GCGGAAAGTCTTAGCA-1,1,4
GCGGAAATCCATGACA-1,0,3
GCGGAAATCCGTGCAG-1,0,0
GCGGAAATCGATAGGG-1,0,1
GCGGGTTAGCTTTCCC-1,0,4
GCGGGTTCAAAGGTCG-1,0,2
GCGGGTTCAGGATAGC-1,0,0
GCGGGTTGTGCACCCA-1,0,1
GCGGGTTTCTCCCTTT-1,0,0
GCGGTGTAGGAATGGA-1,0,3
GCGGTGTAGGCAGTGT-1,0,4
GCGGTGTCATCGTACA-1,0,0
GCGGTGTCATTCACGA-1,0,0
GCGGTGTGTCTGGTCG-1,0,0
GCGGTGTTCCAAGAGG-1,0,4
GCGTAGCAGGTCACTT-1,0,0
GCGTAGCCAAGCGGTA-1,0,1
GCGTAGCGTCCCGAGT-1,0,4
GCGTAGCGTTGGACGA-1,0,2
GCGTAGCTCGCTTGAA-1,0,3
GCGTTGGAGCGTTAGG-1,0,3
GCGTTGGAGTCCCTCT-1,0,1
GCGTTGGCAAGGCTTT-1,0,0
GCGTTGGGTTACCACA-1,0,0
GCGTTGGGTTACCCAA-1,0,1
GCGTTGGGTTAGAGAT-1,0,2
GCGTTGGGTTCCCAAA-1,0,1
GCTCACTAGAACGTCG-1,0,1
GCTCACTAGCTCCATA-1,0,4
GCTCACTCAAGATGCG-1,0,1
GCTCACTCAAGCAACG-1,0,3
GCTCACTCACATTGCA-1,0,1
GCTCACTCAGCAGGTA-1,0,2
GCTCACTCAGGTTATC-1,0,1
GCTCACTCATTCACCC-1,1,0
GCTCACTGTTTAGAAG-1,0,2
GCTCACTTCGCTCGGA-1,1,1
GCTCACTTCGTTGTTT-1,0,4
GCTCACTTCTGAAAGA-1,0,3
GCTCACTTCTTACTCA-1,0,1
GCTCAGGCAATAGTGA-1,1,0
GCTCAGGGTGTCGTCG-1,0,1
GCTCAGGGTTACGCTA-1,0,1
GCTCAGGGTTCACGTA-1,0,4
GCTCCTAAGCCATTCA-1,0,4
GCTCCTAAGCTGGAGT-1,0,3
GCTCCTAAGGTCACTT-1,0,4
GCTCCTACAAGAAACT-1,0,3
GCTCCTACAAGCAATA-1,0,1
GCTCCTACAATCACTG-1,0,3
GCTCCTACAGCGTACC-1,0,1
GCTCCTAGTATACGCT-1,0,1
GCTCCTAGTATCAGCT-1,0,2
GCTCCTAGTGCACATT-1,0,0
GCTCCTAGTTTCGTTT-1,0,0
GCTCCTAGTTTCTACT-1,3,2
GCTCCTAGTTTGAAGA-1,0,4
GCTCCTATCGTCTAGA-1,0,2
GCTCGAGAGGGCTCTC-1,0,0
GCTCGAGAGTACCTCA-1,0,0
GCTCGAGCACCTATTT-1,0,0
GCTCGAGGTGTTGTTG-1,1,2
GCTCGAGTCCTCATTA-1,0,1
GCTGAGCAGCTCCATA-1,0,0
GCTGAGCAGTGAACCG-1,0,2
GCTGAGCCACTTTGGA-1,0,1
GCTGAGCTCACTAGGT-1,0,0
GCTGCGATCTGATCCC-1,0,4
GCTGTTCAGTAGACCG-1,0,0
GCTGTTCCATAGTCCA-1,0,2
GCTGTTCGTAAGGTCG-1,0,0
GCTGTTCGTAGCGAGT-1,3,3
GCTGTTCGTCAAATCC-1,0,0
GCTGTTCTCCAATCCC-1,0,0
GCTGTTCTCCACTAGA-1,0,2
GCTGTTCTCTACCCGT-1,0,3
GCTGTTCTCTTGTCAT-1,2,1
GCTTAAGAGAGGTCCA-1,0,0
GCTTAAGGTACTATGC-1,0,0
GCTTAAGGTACTTCGA-1,0,2
GCTTAAGTCCATCTAT-1,0,4
GCTTGCTAGAAGACTT-1,0,1
GCTTGCTCAATTCAGC-1,0,0
GCTTGCTCATCAGCTA-1,0,1
GCTTGCTTCCTCTCTT-1,0,2
GCTTTCGAGCGTCAAG-1,0,3
GCTTTCGGTTGTGAGG-1,0,1
GGAACCCAGGCTCAGA-1,0,4
GGAACCCAGTATAGTG-1,0,1
GGAACCCCAATAGTGA-1,0,0
GGAACCCCACGCGACT-1,0,4
GGAACCCGTTCCCTTG-1,0,2
GGAACCCTCCATCTAT-1,0,1
GGAACCCTCTTCAGAG-1,0,1
GGAACTTCACATTGCA-1,0,0
GGAACTTCACCACCAG-1,0,3
GGAACTTCATTCACGA-1,0,0
GGAACTTGTGCCAAGA-1,0,4
GGAACTTGTGGTACTT-1,0,0
GGAACTTTCAACGTGT-1,0,3
GGAATCTAGACTCGGA-1,0,1
GGAATCTCACGAACGA-1,0,3
GGAATCTCATAGATAG-1,0,1
GGAATCTGTAGTAACA-1,0,2
GGAATCTGTCATAGCT-1,0,0
GGAATCTTCACAACAC-1,1,1
GGAATCTTCGTTACAG-1,2,3
GGAATCTTCGTTCCGT-1,0,1
GGACACCAGCAGTAGC-1,0,2
GGACACCAGCTCGTTA-1,0,1
GGACACCCATAGTCCA-1,0,1
GGACACCGTCCGTGCA-1,0,0
GGACACCTCAGTCTTT-1,0,3
GGACACCTCTTGGCCT-1,0,4
GGAGAACAGGAAGACA-1,0,1
GGAGAACAGTTACACC-1,0,2
GGAGAACCAACTGCGC-1,0,2
GGAGAACCAGGACTGA-1,0,3
GGAGAACGTCAGAAGC-1,0,0
GGAGGATAGCGAATAT-1,0,0
GGAGGATAGCGATACG-1,3,4
GGAGGATAGGCCTAAG-1,0,3
GGAGGATAGTCGTATC-1,0,3
GGAGGATGTGCGTAGA-1,0,1
GGAGGATTCCAACGCG-1,0,0
GGAGGATTCGTGCTGG-1,0,1
GGAGTAGAGTCCCGCA-1,0,3
GGAGTAGGTACTTCAG-1,0,0
GGAGTAGGTGCTTTGA-1,0,0
GGAGTAGTCTACCCGT-1,0,0
GGATAGGAGCTTACCA-1,0,1
GGATAGGCATCATAGC-1,0,2
GGATAGGGTCGCGCTA-1,0,0
GGATAGGTCCTTCGAC-1,0,0
GGATGAGCATCCGTGG-1,0,0
GGATGAGTCGGGAATG-1,2,1
GGCACGTAGAGGCCTA-1,0,1
GGCACGTGTAACCCAT-1,0,1
GGCACGTGTCACCCGA-1,3,4
GGCACGTTCCACACCT-1,0,1
GGCACGTTCCAGGTCG-1,0,3
GGCATTACACTCCTCA-1,0,0
GGCATTAGTAAACGTA-1,0,1
GGCATTAGTAACATAG-1,0,2
GGCATTAGTAACGGAC-1,0,3
GGCATTAGTAGGGTCA-1,0,0
GGCATTAGTATCGCGC-1,0,1
GGCATTAGTCTCTAAG-1,0,0
GGCATTATCCATACCC-1,0,3
GGCATTATCTATCTCA-1,0,1
GGCGAAAAGATCGCCC-1,0,1
GGCGAAACAAAGAAGG-1,0,1
GGCGAAACACTGTTAG-1,1,3
GGCGAAACATAGATAG-1,0,1
GGCGAAAGTCAGCAAG-1,0,2
GGCGAAAGTCCACCAG-1,0,1
GGCGAAAGTGAATGGC-1,0,0
GGCGAAATCCCAGTAA-1,0,3
GGCGAAATCTTAACGG-1,0,2
GGCGTTGAGACGCCAA-1,0,1
GGCGTTGAGAGAATTC-1,0,1
GGCGTTGAGTAGGTCG-1,0,0
GGCGTTGGTCCTTATT-1,0,1
GGCGTTGGTCTGGGAA-1,0,2
GGCGTTGGTTCCCTTG-1,0,3
GGCGTTGTCCCAGCAG-1,3,0
GGGAACAAGTTAGCAA-1,1,0
GGGAACACAACTCGAT-1,0,0
GGGAACACAATTGTGC-1,0,1
GGGAACACACTTATGG-1,0,0
GGGAACACATACCCGG-1,0,0
GGGAACAGTCAGAGTG-1,0,2
GGGAACAGTGTCTACA-1,0,4
GGGAACATCACCGCGA-1,0,0
GGGAACATCCAGAGAG-1,0,1
GGGAACATCCAGGTAT-1,0,3
GGGAACATCGCGTTCT-1,0,0
GGGACCTCAATCATCG-1,0,2
GGGACCTCACATTCTT-1,0,4
GGGACCTCACCTACCT-1,3,3
GGGACCTCACTGAAGG-1,0,1
GGGACCTTCCAAACCA-1,0,3
GGGCCATAGAAAGCAG-1,1,3
GGGCCATCAATGGCTT-1,0,0
GGGCCATGTACGCCCA-1,0,3
GGGCCATTCAGTACAC-1,0,0
GGGCCATTCCATACCC-1,0,0
GGGCCATTCGTCTTAT-1,0,2
GGGCCATTCTCTTCCT-1,0,3
GGGTCTGGTCATAAGA-1,0,1
GGGTCTGGTTGGCGAA-1,3,4
GGGTCTGTCATCGCTC-1,1,0
GGGTCTGTCTTGTCGC-1,0,1
GGGTGTCAGCGCACAA-1,0,1
GGGTGTCCACAGCTTA-1,1,4
GGGTGTCCACAGTAGG-1,0,0
GGGTGTCGTCTGCGCA-1,1,2
GGGTGTCGTGATCAGG-1,0,2
GGGTGTCGTTGTATCG-1,0,1
GGGTGTCTCAATGCAC-1,0,0
GGGTGTCTCGTGTGCG-1,1,1
GGGTGTCTCTTCCGTG-1,1,2
GGGTTATAGAGCAGCT-1,1,0
GGGTTATAGCAACGGT-1,0,1
GGGTTATAGCTAACAA-1,0,3
GGGTTATAGGTTAACA-1,2,4
GGGTTATCAACGTAGG-1,0,2
GGGTTATCACACACCG-1,0,2
GGGTTATCACCTTGTC-1,0,0
GGGTTATCAGCGCGTT-1,0,2
GGGTTATCATAGGCGA-1,1,2
GGGTTATGTTAGGAAT-1,0,0
GGGTTATTCACGTCAA-1,0,2
GGGTTATTCTAGCAAC-1,0,0
GGGTTATTCTTACTCA-1,0,2
GGTACCGAGGTGTCGA-1,0,2
GGTACCGCAACTAGAA-1,0,1
GGTACCGGTCATTGCA-1,0,4
GGTACCGGTTCCGCGA-1,0,3
GGTACCGTCAGTCACA-1,0,2
GGTACCGTCCAAACCA-1,0,0
GGTAGGACAAAGCATA-1,0,3
GGTAGGACAGCGTAGA-1,0,2
GGTAGGAGTATGGGTG-1,0,1
GGTAGGAGTGCTGTCG-1,2,3
GGTAGGAGTTTAGGAA-1,0,3
GGTAGGATCGATGTGT-1,0,2
GGTAGGATCGCTTCAC-1,0,3
GGTCATAAGAATGCTA-1,1,1
GGTCATAAGCGGACAT-1,0,0
GGTCATACAAGCCCTG-1,0,0
GGTCATAGTATCCTTT-1,0,0
GGTCATAGTGAGGGTT-1,0,0
GGTCATAGTTACGCTA-1,0,2
GGTCATATCGCACCGA-1,0,2
GGTGAAGAGTCGTACT-1,0,4
GGTGAAGCAATTCTCT-1,0,0
GGTGAAGGTAGTTTGC-1,0,0
GGTGAAGTCAGTGGTT-1,0,2
GGTGAAGTCCATTGAG-1,0,3
GGTGAAGTCGATGTGT-1,0,0
GGTGAAGTCGTTCAGA-1,1,0
GGTGAAGTCTCTTAAC-1,0,3
GGTGCTGAGTAGCAAT-1,0,3
GGTGTCGAGAAGAGTG-1,0,0
GGTGTCGAGATCGCCC-1,0,3
GGTGTCGCAAAGAAGG-1,0,4
GGTGTCGCAGTAAGCG-1,2,0
GGTGTCGCATATACGC-1,0,0
GGTGTCGCATTTGGTG-1,0,4
GGTGTCGCATTTGTTC-1,0,3
GGTGTCGGTAATGTAG-1,0,4
GGTGTCGGTACTATGC-1,0,0
GGTGTCGGTCTGGATT-1,0,2
GGTGTCGTCTTGTGCC-1,0,0
GGTTGCGAGAGCCACA-1,0,2
GGTTGCGCAATGAAAC-1,0,1
GGTTGCGGTTCCGCGA-1,2,1
GGTTGCGTCAAACCAC-1,0,0
GGTTGCGTCAGTGGTT-1,0,1
GGTTGCGTCTCTGACC-1,0,2
GTAATCGAGAGAAGCA-1,0,2
GTAATCGAGAGGTGGG-1,0,1
GTAATCGAGGCAGTGT-1,0,3
GTAATCGCACTACACA-1,0,1
GTAATCGTCCAATCCC-1,0,4
GTACTTTAGAGTGGAA-1,0,0
GTACTTTAGATGTTGA-1,0,2
GTACTTTAGGATGTAT-1,0,3
GTACTTTCATGTAGAA-1,1,2
GTACTTTGTCTCTGGG-1,0,1
GTACTTTGTGGTCGAA-1,0,1
GTACTTTTCAAGAGGC-1,0,0
GTACTTTTCAGGATCT-1,0,0
GTACTTTTCCCTACGT-1,0,0
GTACTTTTCTATCCTA-1,0,4
GTAGACTAGAAAGCAG-1,0,2
GTAGACTAGATAGGTT-1,0,2
GTAGACTAGTTACACC-1,0,1
GTAGACTCAATCAGGG-1,0,0
GTAGACTCAATCATCG-1,1,1
GTAGACTTCGCTTACC-1,3,0
GTAGGAGAGTATACCC-1,0,2
GTAGGAGCAGTAACCT-1,0,2
GTAGTACAGAACGCCA-1,0,4
GTAGTACCAAGGAACC-1,0,2
GTAGTACCAAGTAATG-1,0,0
GTAGTACCACATCATG-1,0,2
GTAGTACGTGCGTAGA-1,0,1
GTAGTACTCCCTACGT-1,0,1
GTAGTACTCGCACCGA-1,0,3
GTCACAAAGCGTGTTT-1,0,2
GTCACAAGTACGTATC-1,0,2
GTCACAAGTCTCAAAC-1,0,3
GTCACAATCCAGTACA-1,0,1
GTCACAATCGCGCTGA-1,0,0
GTCACCTAGTTCGCGC-1,0,3
GTCACCTCAAGCAGGT-1,0,0
GTCACCTCAGATTAAG-1,0,1
GTCACCTGTAGGGTCA-1,0,1
GTCACCTTCCAAACCA-1,0,2
GTCACGGAGAAAGGGT-1,0,1
GTCACGGAGAGGCAGG-1,0,3
GTCACGGAGATCTCAC-1,0,0
GTCACGGCACTGATTG-1,0,2
GTCACGGGTCGCTACG-1,0,1
GTCACGGTCCACGCTT-1,0,1
GTCACGGTCCATGTTT-1,1,1
GTCACGGTCGCTTACC-1,0,0
GTCACTCAGACACAAT-1,1,0
GTCACTCAGAGTCCGA-1,0,2
GTCACTCCACTGATTG-1,0,0
GTCACTCCAGCTTACA-1,2,2
GTCACTCCAGTGCGAA-1,0,2
GTCACTCCATCGCTAA-1,2,2
GTCACTCGTAGACGCA-1,0,0
GTCCATCAGGGATCCA-1,0,1
GTCCATCAGTTCGTTG-1,0,0
GTCCATCCAGTGGTCC-1,0,0
GTCCATCCATGTAGAA-1,0,0
GTCCATCTCGCAACTA-1,0,0
GTCGTAAAGAGGTGGG-1,0,2
GTCGTAAAGCGCGTTC-1,2,3
GTCGTAAAGGCTCAGA-1,0,4
GTCGTAAAGTAATGTG-1,0,3
GTCGTAACAATGGTCT-1,0,1
GTCGTAACACCGTTGG-1,0,2
GTCGTAACAGACCTGC-1,0,1
GTCGTAACAGCAAACG-1,0,0
GTCGTAACAGCTTACA-1,0,1
GTCGTAACAGGTCTGC-1,0,3
GTCGTAACATCAGCTA-1,1,0
GTCGTAAGTAATGTGA-1,0,2
GTCGTAAGTTTCGATG-1,0,1
GTCGTAATCGTTTGAG-1,0,2
GTCGTAATCTCATATC-1,0,3
GTCGTAATCTTCACTA-1,0,4
GTCTACCAGGCCAGTA-1,0,2
GTCTACCAGTAGTTCC-1,4,0
GTCTACCCAATACTGC-1,0,0
GTCTACCGTGGACTGA-1,0,0
GTCTACCTCCCGTATC-1,0,2
GTCTACCTCCCTATTA-1,0,1
GTGACATAGGAGGCGA-1,0,4
GTGACATAGGCATGCA-1,0,1
GTGACATAGGTACATA-1,0,0
GTGACATCAGCAACAG-1,0,3
GTGACATGTAATGTAG-1,0,0
GTGACATGTAGGGTTG-1,0,2
GTGACATGTGACAAGC-1,0,2
GTGACATTCGCCACTT-1,0,1
GTGATCAAGCTAACAA-1,2,1
GTGATCAAGGCACTAG-1,0,1
GTGATCATCCTGGGAC-1,1,4
GTGATCATCCTTCGAC-1,0,1
GTGATCATCGGTCTAA-1,0,1
GTGATCATCTGCGTCT-1,0,0
GTGATCATCTTAATCC-1,1,3
GTGCACGAGTCTGGGA-1,0,4
GTGCACGCAATGTAAG-1,0,1
GTGCACGGTACTTGAC-1,0,0
GTGCACGGTGAGTTGG-1,0,1
GTGCACGGTGCTTCCT-1,0,2
GTGCACGGTTCGGGAA-1,1,0
GTGCCAGAGATGCGCA-1,0,2
GTGCCAGGTATACGCT-1,0,3
GTGCCAGGTCAGTGTT-1,0,1
GTGCCAGTCACTCCCA-1,0,0
GTGCCAGTCAGGTTTG-1,0,2
GTGCCAGTCATGTTCT-1,0,1
GTGCCAGTCCCACTTG-1,0,2
GTGCTGGGTAACGGCA-1,0,1
GTGCTGGGTCTGGGAA-1,0,2
GTGCTGGTCCTTACGC-1,2,0
GTGCTGGTCTTGTCGC-1,0,0
GTGGATTAGGCGTAGT-1,0,4
GTGGATTAGTACAGAT-1,0,0
GTGGATTCAGGTAACG-1,0,1
GTGGATTTCATACTTC-1,0,1
GTGGATTTCCATACCC-1,0,1
GTGGATTTCCCATAGA-1,0,4
GTGGATTTCTTAGTGG-1,1,1
GTGGCGTAGCATGTGG-1,0,1
GTGGCGTAGGCTTAAA-1,0,2
GTGGCGTAGGGAGATA-1,0,1
GTGGCGTAGGGTCCCT-1,0,1
GTGGCGTCAAACCTAC-1,0,1
GTGGCGTCAATTCTCT-1,0,1
GTGGCGTCACAGTAGG-1,0,2
GTGGCGTGTCAGAAAT-1,0,4
GTGGCGTGTGACCAGA-1,0,0
GTGGCGTGTGTCTACA-1,0,2
GTGTCAAAGACGCCAA-1,0,0
GTGTCAAAGAGTTTGA-1,0,0
GTGTCAAAGGATGTAT-1,0,1
GTGTCAACACCCTTTG-1,0,3
GTGTCAACACCGTTGG-1,2,4
GTGTCAACAGTGCGTC-1,0,0
GTGTCAAGTACGTAAA-1,0,3
GTGTCAATCGCGCCAA-1,0,4
GTGTCAATCTGGCTAA-1,0,0
GTGTCCTAGACCCATT-1,0,1
GTGTCCTAGGCATGCA-1,1,1
GTGTCCTAGGGTCCCT-1,0,1
GTGTCCTCACGAACGA-1,0,0
GTGTGATAGAGGCAGG-1,4,0
GTGTGATCACTCGTGG-1,0,2
GTGTGATCATTCTTTG-1,0,1
GTGTGATCATTTCTTG-1,0,2
GTGTGATGTAAACCCT-1,0,3
GTGTGATGTATATGGA-1,0,2
GTTACGAAGGAGGCGA-1,1,2
GTTACGACACGTTACA-1,0,1
GTTACGAGTCCAAGTT-1,0,1
GTTACGAGTTCTACGA-1,0,0
GTTACGATCATGCTTT-1,0,0
GTTACGATCGAGAACG-1,0,2
GTTACTTAGCTCCATA-1,0,0
GTTACTTAGTAACACA-1,0,3
GTTACTTAGTAGGAAG-1,3,2
GTTACTTAGTCTAGAA-1,0,1
GTTACTTCAAACAGTA-1,0,0
GTTACTTCACTGTCAA-1,0,4
GTTACTTCAGAACAGC-1,0,0
GTTACTTCATGGTAAA-1,3,0
GTTACTTGTTAACCGT-1,0,1
GTTACTTTCAATTCCT-1,0,4
GTTACTTTCGGGACAA-1,0,3
GTTATGGAGCCTGTAT-1,0,4
GTTATGGCAACACGGA-1,0,3
GTTATGGCAATGGTAA-1,0,1
GTTATGGCATCATGTG-1,0,0
GTTATGGTCAACTTGG-1,0,4
GTTATGGTCGGATAAA-1,0,1
GTTATGGTCTCCTTGG-1,0,2
GTTATGGTCTTTGCAT-1,2,2
GTTATTCAGAACGTTA-1,0,1
GTTATTCGTCCCTAAA-1,0,1
GTTATTCGTGAATCAA-1,0,1
GTTATTCTCCCGTAGG-1,0,1
GTTCAAGAGCAGAATT-1,0,0
GTTCAAGAGGTGTCGA-1,0,0
GTTCAAGAGTGTCCCG-1,0,1
GTTCAAGCACGTGAAG-1,0,1
GTTCAAGCAGCACATT-1,0,2
GTTCAAGCAGGTGTCC-1,0,1
GTTCAAGCAGTAAGAT-1,0,3
GTTCAAGGTTCCCGGA-1,0,1
GTTCAAGTCCAAGTCA-1,3,1
GTTGGGCAGTCGAGCA-1,0,3
GTTGGGCGTAAGCCTT-1,0,0
GTTGGGCGTCATCAAC-1,0,3
GTTGGGCGTTCTACCC-1,0,1
GTTGGTAAGGAACCGT-1,0,1
GTTGGTAAGGCTTTAC-1,1,3
GTTGGTACAAACCCTA-1,0,1
GTTGGTACACTCAGCG-1,0,2
GTTGGTACAGTAAGCG-1,0,2
GTTGGTACATATACGC-1,0,0
GTTGGTATCCCACGGA-1,0,2
TAAACCGAGCAGGAGG-1,0,4
TAAACCGCAACGCACC-1,0,3
TAAACCGCACAGTTCA-1,0,1
TAAACCGCAGAATGCG-1,0,1
TAAACCGGTATCAGCT-1,0,3
TAAACCGGTCGCTAGC-1,0,4
TAAACCGGTGAGTCGA-1,0,1
TAAACCGGTGGACCAA-1,0,2
TAAACCGGTTGCTTGA-1,0,2
TAAACCGTCACAAGCT-1,0,1
TAACAGCAGAAATGGG-1,0,1
TAACAGCAGTACGACG-1,0,2
TAACAGCGTAAAGCTA-1,0,1
TAACAGCGTCATAGCT-1,0,1
TAACAGCGTCGATAGG-1,0,0
TAACAGCTCGTCTTAT-1,0,1
TAACGGTAGCCATTCA-1,0,4
TAACGGTAGCTGAATA-1,0,4
TAACGGTAGGAGGCGA-1,0,0
TAACGGTAGGCGTCCT-1,0,4
TAACGGTCAGGACTGA-1,2,0
TAACGGTCATTCCCGT-1,4,0
TAACGGTGTTAGTAGA-1,0,0
TAACGGTTCATCGCTC-1,0,0
TAACTTCAGAACAGGA-1,0,0
TAACTTCAGTCCCTCT-1,0,0
TAACTTCCAATTGCCA-1,0,2
TAACTTCCACGAACGA-1,0,1
TAACTTCGTCGCTAGC-1,0,2
TAACTTCGTTTCGATG-1,0,0
TAAGCCAAGCAATGTA-1,0,3
TAAGCCACACAGTAGG-1,2,4
TAAGCCACACCGTTGG-1,0,3
TAAGCCACATCCCTCA-1,0,4
TAAGCCAGTCAGCTTA-1,0,2
TAAGCCAGTTCTACCC-1,0,3
TAAGTGCAGCAATGTA-1,0,3
TAAGTGCAGGGAAATG-1,0,1
TAAGTGCAGTAGTCGG-1,0,1
TAAGTGCGTCCATTGA-1,0,0
TAAGTGCGTGCTTTGA-1,0,4
TAAGTGCTCATCGCAA-1,0,0
TAAGTGCTCCTGGAAT-1,0,0
TAAGTGCTCGAGGTAG-1,0,2
TAATCGGCACGTTGTA-1,0,1
TAATCGGCATATAGAG-1,0,3
TAATCGGCATCGCTAA-1,3,3
TAATCGGGTAGTCCAT-1,0,0
TAATCGGGTCATCAAC-1,0,0
TAATCGGGTCTTAGCA-1,0,4
TAATCGGTCAGAGTGG-1,0,3
TAATCGGTCCCGTAGG-1,0,4
TAATCGGTCTATATCC-1,0,2
TAATTCCAGTCTGTGT-1,2,2
TAATTCCCAAGTCCTA-1,1,3
TAATTCCCACGCTCAG-1,0,1
TAATTCCTCACCCGGA-1,0,2
TAATTCCTCATGTTCT-1,2,3
TAATTCCTCTCCAACC-1,0,0
TACAGCAAGTTCAACC-1,0,1
TACAGCAGTAACTCCA-1,0,2
TACAGCAGTATATGGA-1,0,1
TACAGCAGTCATAGAA-1,0,4
TACAGCATCACTCGGG-1,0,3
TACATGGAGTCTAGAA-1,0,0
TACATGGCAGATACAA-1,0,0
TACATGGCAGGCATCC-1,0,2
TACATGGTCATTCTCA-1,0,0
TACATGGTCCATGACA-1,0,1
TACATGGTCCCGGGTA-1,0,1
TACATGGTCGCCAGAC-1,0,0
TACATTCAGCAGAGCT-1,0,1
TACATTCCAACGTAGG-1,0,1
TACATTCCATTCTTTG-1,0,1
TACATTCGTATTGTGC-1,0,1
TACATTCGTTATCGAC-1,0,2
TACATTCTCCAGTTAG-1,0,3
TACCCTGAGTCTAGAA-1,0,4
TACCCTGCACAGCCAC-1,0,2
TACCCTGCACTGTAAC-1,0,3
TACCCTGGTAACGGCA-1,0,4
TACCCTGGTAACTGAA-1,0,3
TACCCTGGTACCTATG-1,0,2
TACCCTGGTATTCGCA-1,0,3
TACCCTGGTGCATCAT-1,0,2
TACCCTGTCCCGTATC-1,0,0
TACCTATCACGTTACA-1,0,2
TACCTATCATACCCGG-1,0,2
TACCTATGTAATGTAG-1,0,3
TACCTATGTATGAAGT-1,0,4
TACCTATGTGGTACTT-1,0,0
TACCTATGTTGGCTTA-1,0,1
TACCTATTCATTCTTG-1,2,0
TACCTATTCGCATAAC-1,0,0
TACCTATTCGGTCTAA-1,0,3
TACCTCGCAAGTGGCA-1,0,1
TACCTCGCACTAGGAG-1,0,3
TACCTCGCATCAGAAA-1,0,0
TACCTCGGTCGGCTGT-1,0,2
TACCTCGGTGCATCAT-1,0,3
TACGCAAAGTCCAGAG-1,0,3
TACGCAAAGTGAGTTA-1,0,1
TACGCAAAGTTGAATG-1,0,1
TACGCAACAGATACAA-1,0,4
TACGCAACAGTTGGAG-1,0,3
TACGCAAGTCTAAAGA-1,0,3
TACGCAAGTTACCACA-1,3,4
TACGCAAGTTTAGAAG-1,0,3
TACGCAATCGTGATAC-1,0,1
TACGCAATCTACCCGT-1,0,3
TACGCAATCTGAAAGA-1,1,0
TACGCCTAGCAGGACT-1,0,4
TACGCCTAGGTTCGTT-1,0,3
TACGCCTAGTGAAACT-1,0,1
TACGCCTCAAGTCTCA-1,0,3
TACGCCTCAATCAGGG-1,0,3
TACGCCTGTAGCGTTT-1,0,0
TACGCCTGTTTCTCTA-1,0,3
TACGGATAGTCCGGAA-1,2,1
TACGGATAGTGAATAC-1,0,0
TACGGATAGTGATATG-1,0,1
TACGGATAGTTAGCAA-1,0,1
TACGGATCAGTTAAAG-1,1,4
TACGGATCAGTTACAC-1,0,0
TACGGATCATGGGAAC-1,0,1
TACGGATGTACGCAAG-1,0,1
TACGGATGTCAATCCA-1,0,0
TACGGATGTGGCATAG-1,0,0
TACGGATGTGGCGCTT-1,0,4
TACGGATTCGCTCGGA-1,0,0
TACGGATTCTACTGCC-1,0,3
TACTAGGAGGATTGAT-1,0,1
TACTAGGCAATTGGCT-1,0,1
TACTAGGCAGGTAGCA-1,0,0
TACTAGGGTTGAATAG-1,0,1
TACTAGGTCCATAACG-1,0,1
TACTAGGTCCGGAAAG-1,0,0
TACTAGGTCTACTTTG-1,0,0
TACTAGGTCTCCTTAA-1,3,1
TACTCGCAGATATGAC-1,0,4
TACTCGCGTAGTTTGC-1,0,0
TACTCGCGTATCGCGC-1,0,1
TACTCGCTCATTCGGA-1,1,1
TACTCGCTCGAGTGTT-1,0,3
TACTCGCTCTCTTAAC-1,0,1
TACTGCCGTACTAGAA-1,0,4
TACTGCCGTTCCAATG-1,0,2
TACTGCCTCGAGTTAC-1,0,0
TACTGCCTCGCTAGTA-1,0,0
TAGACTGAGAGTAAGG-1,0,1
TAGACTGAGGTCGGTA-1,0,1
TAGACTGAGTCGGGAT-1,0,1
TAGACTGGTTCCCGGA-1,0,1
TAGACTGTCGAAGCCC-1,0,3
TAGCACAAGAGGAATG-1,0,0
TAGCACAAGGATTAAC-1,0,0
TAGCACAAGTATACGA-1,0,2
TAGCACACATTAACGC-1,0,1
TAGCACAGTTACCACA-1,0,2
TAGCACATCCAGGGAA-1,0,2
TAGCACATCGGGAATG-1,0,2
TAGCACATCTACATCT-1,0,1
TAGCACATCTATACCT-1,0,1
TAGCATGAGCCCATTA-1,0,0
TAGCATGCACATAAAG-1,0,2
TAGCATGCACTAGGAG-1,0,4
TAGCATGCATCAGCTA-1,0,1
TAGCATGGTAATGCAA-1,0,2
TAGCATGGTGGAAGCT-1,1,2
TAGCATGTCCCTAAAG-1,1,1
TAGCATGTCTCTGTTA-1,0,4
TAGCCCTAGAGAGTTT-1,0,0
TAGCCCTAGGATTGAT-1,1,3
TAGCCCTGTGGAAGCT-1,0,2
TAGCCCTTCCATATCT-1,0,1
TAGCCCTTCGCTCTAC-1,0,1
TAGCGGCCACATTGCA-1,0,2
TAGCGGCCAGATTGTC-1,0,1
TAGCGGCCATGGGTGA-1,2,1
TAGCGGCGTGAGTCGA-1,0,1
TAGCGGCTCGCGGCAT-1,0,2
TAGCTTTAGAGGCCTA-1,0,1
TAGCTTTAGCATACCT-1,0,1
TAGCTTTAGGCCAGTA-1,0,4
TAGCTTTAGTCATCTG-1,0,4
TAGCTTTCAACCTCTC-1,0,4
TAGCTTTCAGGATGTG-1,0,4
TAGCTTTCATAGAATG-1,0,4
TAGCTTTCATCGACGC-1,0,3
TAGCTTTGTTTGTGAC-1,0,2
TAGGAGGAGGCCAATG-1,0,0
TAGGAGGAGTACAGTA-1,0,3
TAGGAGGCAAACCCTA-1,0,3
TAGGAGGCATGGCCCA-1,0,0
TAGGAGGTCCAGGTAT-1,0,4
TAGGAGGTCGTGGTAT-1,0,3
TAGGTCAAGCGTCAAG-1,0,3
TAGGTCAAGTCCAGAG-1,0,2
TAGGTCACATATTGGC-1,0,4
TAGGTCAGTGGAAGCT-1,0,2
TAGGTCAGTGTTGTTG-1,0,2
TAGGTCATCAGTGTGT-1,0,0
TAGGTCATCTCTGCGT-1,1,1
TAGGTCATCTTACGGA-1,0,3
TAGGTGTCACTCCACT-1,0,0
TAGGTGTGTCAAACAA-1,0,0
TAGGTGTGTGGGTAGT-1,2,1
TAGGTGTGTTCCCTTG-1,0,4
TAGGTGTGTTTGTACG-1,0,2
TAGGTGTTCATCATGG-1,0,1
TAGGTGTTCCTGTAGA-1,1,1
TAGTCCCGTGCACTTA-1,0,1
TAGTCCCGTGTCTACA-1,0,2
TAGTCCCTCACAGGGA-1,0,2
TAGTCCCTCCATAGGT-1,0,4
TAGTCCCTCGATGCAT-1,0,0
TAGTCCCTCGTCCCAT-1,0,0
TATCGAGAGAGGAACA-1,0,0
TATCGAGAGAGGTGGG-1,0,1
TATCGAGAGGTAGGAA-1,0,0
TATCGAGAGTGTCGCC-1,0,4
TATCGAGCACAGAAGC-1,0,4
TATCGAGCATACTGCA-1,0,2
TATCGAGTCCCAATGA-1,0,3
TATCTGTCAACTGCGC-1,0,2
TATCTGTCACTTGCGG-1,0,4
TATCTGTGTATGGTTC-1,0,2
TATCTGTGTGATGTGG-1,0,0
TATCTGTGTGGCGCTT-1,0,3
TATCTGTTCGTCCCTA-1,0,1
TATGTGGCACATTGCA-1,0,3
TATGTGGTCAAACCAC-1,0,3
TATGTTCAGTAATGTG-1,0,2
TATGTTCGTGAATCAA-1,0,4
TATGTTCGTGCACTTA-1,0,1
TATGTTCTCCTCATTA-1,0,1
TATGTTCTCTTACGGA-1,0,3
TATTGCTAGAGTGGAA-1,0,4
TATTGCTAGGGTATCG-1,0,0
TATTGCTAGTACAGAT-1,0,2
TATTGCTAGTCGCCTG-1,2,1
TATTGCTCATGGTAAA-1,0,1
TATTGCTCATTATGGC-1,0,2
TCAAAGCAGGTACATA-1,0,1
TCAAAGCCAAAGGTCG-1,0,4
TCAAAGCCAAGAGCGT-1,0,1
TCAAAGCCATTAACGC-1,0,4
TCAAAGCGTTAGGCTT-1,1,4
TCAAAGCGTTTCGATG-1,0,4
TCAAAGCTCCCGGGTA-1,0,2
TCAAGACAGAGCCTGA-1,0,3
TCAAGACCAATTGCCA-1,0,3
TCAAGACCACAAGTGG-1,0,1
TCAAGACCAGGATGTG-1,0,2
TCAAGACGTCCACCAG-1,0,2
TCAAGACGTTGAATAG-1,0,3
TCAAGACGTTTGTGAC-1,0,3
TCAAGACTCAAACCCA-1,0,1
TCAAGACTCCGCGATG-1,0,0
TCAAGACTCCTTTGAT-1,0,3
TCAAGCAAGTAATCAG-1,0,0
TCAAGCACACAATAAG-1,0,0
TCAAGCACACACTAGT-1,0,2
TCAAGCACACTCAGCG-1,0,4
TCAAGCACATGTGGGA-1,1,4
TCAAGCAGTATGAAGT-1,0,2
TCAAGCAGTATTCTCT-1,0,1
TCAAGGTCAGCAACGA-1,0,1
TCAAGGTGTAACCCAT-1,2,1
TCAAGGTGTACCAAGG-1,0,1
TCAAGGTGTCTAACCA-1,0,1
TCAAGGTTCACACGTA-1,0,3
TCAAGGTTCAGTGTGT-1,0,3
TCAAGGTTCGCATACA-1,0,3
TCAATTCAGAAAGGGT-1,3,4
TCAATTCAGAATCAAC-1,0,4
TCAATTCAGAGGAACA-1,0,4
TCAATTCCATCCCTCA-1,0,2
TCAATTCCATGGGTGA-1,0,0
TCAATTCGTACGGTTT-1,0,0
TCAATTCGTAGATTAG-1,0,0
TCAATTCGTATCACAC-1,0,2
TCAATTCGTGTCGTCG-1,0,0
TCAATTCTCGTATAGC-1,0,1
TCAATTCTCTTAATCC-1,0,0
TCAATTCTCTTGGCCT-1,0,0
TCACAAGAGTTCAAGA-1,0,3
TCACAAGGTAGACACG-1,0,0
TCACAAGGTAGCTGTT-1,0,4
TCACAAGGTCATGAGG-1,0,3
TCACAAGTCGCTTCAC-1,0,2
TCACAGAAGCGAGCTA-1,0,0
TCACAGAAGTCGGGAT-1,0,3
TCACAGACAGTAAGAT-1,0,0
TCACAGAGTACATGGG-1,0,3
TCACAGATCACTGGTA-1,0,0
TCACAGATCCCATAGA-1,0,4
TCACAGATCGCGTTCT-1,0,2
TCACCACAGGTTACAA-1,0,1
TCACCACCATCCCTCA-1,0,4
TCACCTGAGACTCTTG-1,0,0
TCACCTGAGGATTGAT-1,0,0
TCACCTGCACTTGCGG-1,0,2
TCACCTGGTGTTAGAA-1,0,1
TCACCTGGTTCTCGAA-1,0,3
TCACTCGAGACTAGGC-1,0,0
TCACTCGCAGCAACCC-1,0,4
TCACTCGCATCTCTCG-1,0,1
TCACTCGTCAGAATGA-1,0,2
TCACTCGTCGTTCAGA-1,0,1
TCAGCTCAGGAAGAAC-1,0,2
TCAGCTCAGTATACGA-1,0,1
TCAGCTCCACTGTCAA-1,0,2
TCAGCTCTCTCCAACC-1,0,4
TCAGGGCAGAGAACCC-1,0,0
TCAGGGCCATCAGCTA-1,0,0
TCAGGGCGTTCCGCGA-1,0,0
TCAGGGCGTTTCCGGG-1,2,1
TCAGGTACAACCTCCT-1,0,2
TCAGGTAGTCCTATTT-1,0,0
TCAGGTAGTGTGCTTA-1,0,0
TCAGGTAGTTGGACGA-1,0,4
TCAGGTATCACGATTG-1,2,0
TCAGGTATCGCACCTT-1,0,2
TCAGGTATCTACCCGT-1,0,2
TCAGTCCCAAACAGTA-1,1,4
TCAGTCCCACGTTAGT-1,0,1
TCAGTCCGTATGTTCG-1,0,4
TCAGTCCGTCATCGTA-1,0,0
TCAGTCCGTGGACAGT-1,0,3
TCAGTCCTCACTGGTA-1,0,2
TCAGTCCTCCTAGAGT-1,0,1
TCAGTCCTCCTCATTA-1,0,3
TCAGTTTAGTAATGTG-1,0,0
TCAGTTTCAACTAGAA-1,0,4
TCAGTTTCAATTGGCT-1,0,3
TCAGTTTCATACAACC-1,0,4
TCAGTTTCATATACGC-1,2,0
TCAGTTTTCGGTTCCT-1,0,1
TCAGTTTTCTAGCAAC-1,0,0
TCAGTTTTCTTGTCGC-1,0,2
TCCAGAAAGCTGCTCG-1,0,0
TCCAGAAAGGCCAATG-1,0,2
TCCAGAACACCACCAG-1,0,1
TCCAGAACAGTAAGAT-1,0,1
TCCAGAACATCGGCTG-1,0,0
TCCAGAATCAAGGCAG-1,0,2
TCCAGAATCATGAACC-1,0,3
TCCAGAATCGCTTACC-1,0,1
TCCAGAATCGTAGCGC-1,0,0
TCCATCGAGGTAAGTT-1,0,1
TCCATCGAGTTACACC-1,1,4
TCCATCGCATCCATAG-1,1,2
TCCATCGGTCACATTG-1,0,0
TCCATCGTCCAAACCA-1,0,2
TCCATCGTCCGAGAGA-1,0,1
TCCCACAAGAATCAAC-1,0,2
TCCCACAAGATGTTGA-1,0,3
TCCCACAAGTAGAAGG-1,0,1
TCCCACAAGTCGCCTG-1,0,0
TCCCACACATCGCTAA-1,0,0
TCCCACAGTATGCTAC-1,0,0
TCCCACAGTGATCAGG-1,0,1
TCCCACAGTGGAAGCT-1,0,2
TCCGACTAGTAGGAAG-1,0,1
TCCGACTAGTTGTCCA-1,0,1
TCCGACTCAAGAGCGT-1,0,1
TCCGACTCAGCAAACG-1,0,0
TCCGACTCATCTCACC-1,0,1
TCCGACTGTAACCATC-1,0,4
TCCGACTTCATGTTCT-1,0,0
TCGAGCGAGGGTCTGA-1,0,0
TCGAGCGAGTGTTCCA-1,1,4
TCGAGCGCACCGAATT-1,0,4
TCGAGCGTCTATTGTC-1,0,0
TCGAGCGTCTTATCAC-1,1,1
TCGATTTAGACCCATT-1,0,4
TCGATTTAGTCGAGCA-1,2,4
TCGATTTCAAGCCTTA-1,0,0
TCGATTTCACCTACCT-1,0,0
TCGATTTCATGTGAGG-1,0,4
TCGATTTGTGATTCCA-1,0,3
TCGATTTGTTAACTCG-1,0,0
TCGATTTGTTGAATAG-1,0,0
TCGCAGGAGCGCCTAC-1,0,0
TCGCAGGAGTGAGCAC-1,0,0
TCGCAGGGTCGCTACG-1,0,1
TCGCAGGGTCTGGGAA-1,0,4
TCGCAGGGTGGAAGCT-1,0,1
TCGCAGGGTGTGTGTT-1,0,1
TCGCCTATCCATTGTT-1,0,0
TCGGGACAGATTAGAC-1,0,1
TCGGGACCAATGAAAC-1,1,4
TCGGGACCATCCCGGA-1,0,2
TCGGGACGTACTTGAC-1,0,2
TCGGGACGTCTGTTGA-1,0,0
TCGGGACTCGATAGGG-1,0,4
TCGTTCGCAGAGTCGA-1,0,1
TCGTTCGCATTGATGC-1,0,1
TCGTTCGGTAACATAG-1,0,0
TCGTTCGTCACAGGGA-1,0,2
TCTAGTTAGAGCCTGA-1,0,0
TCTAGTTCAAAGAAGG-1,0,4
TCTAGTTCAAGCCTTA-1,0,2
TCTAGTTCAATTCGTG-1,0,0
TCTAGTTCACAGTAGG-1,0,2
TCTAGTTCAGATGGCA-1,0,1
TCTAGTTGTAACTCCA-1,0,2
TCTAGTTGTAGAGAGA-1,2,0
TCTAGTTTCTATGAGC-1,0,2
TCTAGTTTCTTCTCTC-1,0,1
TCTATTGAGAGGCGGA-1,0,0
TCTATTGAGTGCTAGG-1,0,1
TCTATTGCACAGATGG-1,0,1
TCTATTGCACCTGAAT-1,1,1
TCTATTGGTCAGAGTG-1,0,3
TCTATTGGTCTGGTCG-1,0,0
TCTATTGGTGATCAGG-1,0,0
TCTATTGTCATCGCAA-1,0,2
TCTCAGCAGAAATGGG-1,0,2
TCTCAGCCAAATTGAG-1,0,2
TCTCAGCCATGGGACA-1,0,0
TCTCAGCTCTTACGGA-1,0,4
TCTCTGGAGCTCGTTA-1,0,1
TCTCTGGAGGTCGGTA-1,0,1
TCTCTGGCAATAGTGA-1,0,2
TCTCTGGCATCCTCGT-1,0,2
TCTCTGGGTCACTCTC-1,0,0
TCTCTGGGTCTAAAGA-1,0,3
TGAATCGAGGAATGGA-1,0,3
TGAATCGAGGTACACG-1,0,3
TGAATCGCACTCCCAT-1,0,0
TGAATCGCACTCCTCA-1,0,4
TGAATCGCATATAGAG-1,0,1
TGAATCGGTAACAATG-1,0,0
TGAATCGGTACTAGAA-1,0,2
TGAATCGGTATGAAGT-1,0,2
TGAATCGGTGTCGTGC-1,0,1
TGAATCGGTTGGCTAT-1,0,3
TGAATCGTCACAACAC-1,0,0
TGAATCGTCCAACGCG-1,0,4
TGAATCGTCCCTACGT-1,0,2
TGACAACAGTCTGCTA-1,0,2
TGACAACCAGCAACGA-1,0,2
TGACAACCATGTAGAA-1,0,0
TGACAACGTATACGCT-1,0,3
TGACAACGTCGATAGG-1,0,2
TGACAACTCACGATTG-1,0,3
TGACTCCAGCGTTGCC-1,0,3
TGACTCCAGCTTTCCC-1,1,0
TGACTCCAGTCCAGAG-1,0,1
TGACTCCCAAGTAATG-1,0,3
TGACTCCCACCAAGGA-1,0,4
TGACTCCCACTGTTAG-1,1,0
TGACTCCCAGATTAAG-1,0,1
TGACTCCCAGCTTACA-1,0,3
TGACTCCGTGCTTTGA-1,0,2
TGACTCCGTTCCATCC-1,0,2
TGACTCCGTTTCGTTT-1,0,1
TGACTCCTCCATAACG-1,0,2
TGACTCCTCGCACCTT-1,0,0
TGAGCCGCAATAGCGG-1,0,3
TGAGCCGCACGGTGTC-1,2,2
TGAGCCGCATCATAGC-1,0,3
TGAGCCGGTAGGGTCA-1,0,3
TGAGTCAAGACCATAA-1,0,1
TGAGTCAAGACCCATT-1,0,3
TGAGTCAAGCCTTTGA-1,0,3
TGAGTCAAGCTAACAA-1,0,1
TGAGTCAAGGATTAAC-1,0,1
TGAGTCAAGGCGCTTC-1,0,2
TGAGTCAAGTGCTAGG-1,0,2
TGAGTCACACCTCGTT-1,0,4
TGAGTCACATTCTTTG-1,0,2
TGAGTCATCCACGCTT-1,0,3
TGAGTCATCTGGCGCA-1,0,2
TGAGTCATCTTGTCAT-1,0,1
TGATCAGAGAAAGCAG-1,0,4
TGATCAGAGGGTATCG-1,0,1
TGATCAGAGGTTGTGG-1,0,0
TGATCAGCAAGTAACA-1,0,3
TGATCAGCATGTGAGG-1,0,0
TGATCAGTCAGTGTGT-1,0,3
TGATCAGTCGGAAAGC-1,0,1
TGATCAGTCTCTCAAT-1,3,0
TGATGCAAGAGGTACC-1,0,0
TGATGCACAAGGAAGA-1,0,0
TGATGCACAGTATCTG-1,0,3
TGATGCAGTGCACCCA-1,1,2
TGATGCATCCAACGCG-1,1,3
TGATTTCAGAGAAGCA-1,0,1
TGATTTCAGCGCCTAC-1,0,1
TGATTTCAGTAGTCGG-1,0,1
TGATTTCAGTCCGGAA-1,0,2
TGATTTCCAATGGCTT-1,0,1
TGATTTCGTATACGCT-1,0,2
TGATTTCGTTAACTCG-1,2,3
TGATTTCGTTGGGAAC-1,2,1
TGATTTCTCAGATACC-1,0,3
TGATTTCTCAGTGGTT-1,0,0
TGATTTCTCCGTTTCG-1,0,4
TGATTTCTCGCTATTT-1,0,0
TGCACCTAGAAACGCC-1,0,1
TGCACCTAGAAATGGG-1,0,0
TGCACCTAGTTTGGAA-1,0,4
TGCACCTCACTGTTAG-1,1,2
TGCACCTCAGAAAGAG-1,0,0
TGCACCTGTGTCCTTC-1,0,0
TGCACCTTCCACGCTT-1,0,2
TGCATGATCGAGAACG-1,0,1
TGCATGATCTAGCTGA-1,0,2
TGCATTTAGAAATGGG-1,0,4
TGCATTTCACGGCCAT-1,0,0
TGCATTTGTCATAGCT-1,0,1
TGCATTTTCTCTGCGT-1,0,4
TGCCTCACATGGTTTG-1,0,1
TGCCTCAGTGATGCTT-1,0,1
TGCCTCATCAGCACTA-1,1,2
TGCCTCATCGTTTGAG-1,0,4
TGCCTCATCTGTGTGA-1,0,3
TGCCTGTAGCACCATT-1,0,0
TGCCTGTCAAGCCTTA-1,0,1
TGCCTGTCAGTCCTGG-1,0,1
TGCCTGTCATCATAGC-1,0,4
TGCCTGTTCATTCATC-1,0,2
TGCCTGTTCCAGGTAT-1,0,0
TGCCTGTTCGTCTAGA-1,0,3
TGCCTGTTCTCATCCG-1,1,2
TGCGTAAAGAACCATA-1,0,2
TGCGTAAAGCCCATGC-1,0,2
TGCGTAACAACTCAAC-1,0,2
TGCGTAACAAGTCTGT-1,0,2
TGCGTAAGTCCGTCGA-1,0,4
TGCTATTAGGAGAACA-1,4,0
TGCTATTAGGTCTTTG-1,0,3
TGCTATTCAAAGGTCG-1,0,0
TGCTATTCAGGGTACA-1,0,4
TGCTATTGTGCACCCA-1,0,1
TGCTATTTCAAATGGA-1,0,0
TGCTATTTCAGGAAGC-1,0,0
TGCTCACAGCATTGGG-1,0,3
TGCTCACAGGGAAATG-1,0,1
TGCTCACCAACGTCCG-1,0,2
TGCTCACCAAGCAATA-1,0,3
TGCTCACTCACTTACT-1,2,0
TGCTCACTCTTAATCC-1,0,0
TGCTCGTGTTTGGATC-1,1,2
TGCTCGTTCCAACGCG-1,0,0
TGCTCGTTCTGTTGCC-1,0,0
TGCTTCGAGTCAGGAC-1,0,3
TGCTTCGCAAGCCAGA-1,0,4
TGCTTCGCATAGATAG-1,0,1
TGCTTCGGTGATGTGG-1,0,1
TGCTTTAAGGTTACAA-1,0,2
TGCTTTACAACTAGAA-1,0,0
TGCTTTACATGTGGGA-1,0,1
TGCTTTACATTTGGCA-1,1,3
TGCTTTAGTTCTACCC-1,0,4
TGCTTTAGTTGGGAAC-1,0,2
TGCTTTATCCAGGGAA-1,0,3
TGGAAGGAGGGTTCCC-1,0,0
TGGAAGGCACCTATTT-1,0,0
TGGAAGGCAGGTAGGT-1,0,3
TGGAAGGCATTGTTCT-1,0,4
TGGAAGGTCCTGAAAC-1,0,0
TGGAAGGTCGCTATAG-1,0,3
TGGACATAGCTCCGGT-1,0,1
TGGACATAGGAAGGTA-1,0,0
TGGACATCACGGCCAT-1,0,1
TGGACATCACTCAAGT-1,0,4
TGGACATCAGAAAGAG-1,0,4
TGGACATCAGGTGTGA-1,0,3
TGGACATGTGTGACCC-1,0,1
TGGACATTCAAGTTGC-1,0,3
TGGACATTCAGTCTTT-1,0,2
TGGACATTCGGTCTAA-1,0,1
TGGCAATAGCAATGTA-1,0,1
TGGCAATAGCTTACCA-1,0,2
TGGCAATCAATGCATC-1,0,1
TGGCAATGTAATGTGA-1,0,1
TGGCAATTCGAGGTAG-1,0,2
TGGCCTTAGCATTCCA-1,0,1
TGGCCTTCAATGGCAG-1,0,0
TGGCCTTCAATGTAAG-1,0,3
TGGCCTTCAATTAGGA-1,0,2
TGGCCTTCACATGATC-1,0,1
TGGCCTTCAGGATGTG-1,0,3
TGGCCTTCATCCTCGT-1,0,2
TGGCCTTGTTTCCTAT-1,0,3
TGGCCTTTCAGGAATA-1,0,1
TGGCCTTTCATTCTCA-1,0,4
TGGCCTTTCCATAGGT-1,0,3
TGGCCTTTCTCTGTTA-1,0,4
TGGCCTTTCTCTTAAC-1,2,1
TGGCCTTTCTTCACTA-1,0,1
TGGCGCACAATTCTCT-1,0,1
TGGCGCAGTATGAAGT-1,0,1
TGGCGCAGTGGAAGCT-1,0,2
TGGCGCAGTTCCTATT-1,0,3
TGGCGCATCACGTCAA-1,0,1
TGGCGCATCCCTACCA-1,0,0
TGGCGCATCGGGCTCA-1,0,1
TGGCGCATCGTTCCGT-1,0,0
TGGGTGCAGCAATGTA-1,0,0
TGGGTGCAGGCTGGAT-1,0,0
TGGGTGCCACCTGGTG-1,0,2
TGGGTGCGTCCACCAG-1,0,3
TGGGTGCGTCGACTGC-1,0,3
TGGGTGCGTTCCCGGA-1,0,3
TGGGTGCTCGCCACTT-1,0,1
TGGGTGCTCTAGCAAC-1,1,0
TGGGTTAAGCTCCATA-1,0,3
TGGGTTAAGGACTAGC-1,0,1
TGGGTTAAGGCAAGCT-1,0,1
TGGGTTACACTACACA-1,0,1
TGGGTTACAGATTAAG-1,0,0
TGGGTTACAGGTGTGA-1,0,2
TGGGTTACATATTGGC-1,0,0
TGGGTTAGTATATGGA-1,0,0
TGGGTTAGTTGAAGCG-1,0,1
TGGTCAAGTGATAACA-1,0,3
TGGTCCTAGACCCATT-1,0,1
TGGTCCTAGTGGTGTG-1,0,2
TGGTCCTCATTGAACC-1,4,2
TGGTCCTGTCTAAGAA-1,0,1
TGGTCCTGTGTTGGTT-1,0,4
TGGTCCTGTTAGCTCA-1,0,2
TGGTCCTTCCCGGGTA-1,0,0
TGGTCCTTCCTGGGAC-1,0,0
TGGTCCTTCTTGCGCT-1,0,3
TGTAAGCAGTGCTAGG-1,0,1
TGTAAGCCACGCGTTG-1,0,4
TGTAAGCGTCACAGGA-1,0,2
TGTACAGCACGGTGTC-1,0,0
TGTACAGCAGCAACAG-1,1,4
TGTACAGGTACATGGG-1,0,0
TGTACAGGTTCACGTA-1,0,1
TGTACAGGTTGGCTAT-1,0,1
TGTACAGTCGCTATTT-1,0,0
TGTACGAGTACGCCCA-1,0,0
TGTACGATCCTTGACC-1,0,2
TGTAGCAAGTAGCAAT-1,0,0
TGTAGCAAGTTCAGGG-1,0,0
TGTAGCACAGCCACGT-1,0,2
TGTAGCACAGGTGGTA-1,0,4
TGTAGCACAGTAACCT-1,0,0
TGTAGCAGTCATTGGT-1,0,4
TGTAGCATCTCATATC-1,0,4
TGTAGCATCTGGGCGT-1,0,1
TGTGACAAGCGTATCT-1,0,3
TGTGACAAGTGTCGCC-1,2,2
TGTGACAAGTTAGAGT-1,0,0
TGTGACACATACAACC-1,0,0
TGTGACACATGTGAGG-1,0,2
TGTGACAGTAATGCCT-1,1,1
TGTGACAGTAGCAGCA-1,0,0
TGTGACATCAAACCCA-1,0,1
TGTGACATCAGGAAGC-1,0,1
TGTGGCGCAGGATGTG-1,0,0
TGTGGCGGTACTATGC-1,0,3
TGTGGCGGTACTTCGA-1,0,0
TGTGGCGGTATCCTTT-1,0,4
TGTGGCGGTCTTAGCA-1,0,4
TGTGGCGGTGTGCTTA-1,0,2
TGTGGCGTCATCGCTC-1,0,0
TGTGTCCAGTCGGGAT-1,0,4
TGTGTCCCAAGCGTCC-1,0,1
TGTGTCCCAGGCTACC-1,0,2
TGTGTCCGTAACTCCA-1,3,1
TGTGTCCGTTAACCAC-1,0,0
TGTGTCCTCAGGAAGC-1,3,0
TGTGTCCTCAGTCACA-1,0,3
TGTGTCCTCATTCATC-1,0,4
TGTGTCCTCGTAGCGC-1,0,1
TGTGTCCTCTAAACGC-1,0,1
TGTTAGGAGATATGTG-1,0,0
TGTTAGGAGGTACACG-1,0,1
TGTTAGGCACGTTAGT-1,3,4
TGTTAGGCACTGTCAA-1,0,1
TGTTAGGCAGTCCTGG-1,0,1
TGTTAGGGTAATGTAG-1,0,4
TTAACGGAGGTTGACG-1,0,2
TTAACGGCACTCCACT-1,0,4
TTAACGGCATAGCAGG-1,0,0
TTAACGGCATATAGAG-1,0,0
TTAACGGTCAGCACTA-1,1,3
TTAACGGTCGATAGGG-1,0,0
TTAACGGTCGCTATTT-1,0,1
TTACCCGAGCCTGGTC-1,0,4
TTACCCGAGCCTTTGA-1,0,2
TTACCCGAGCTTACCA-1,0,4
TTACCCGCAAAGCTGG-1,0,2
TTACCCGCATGTGGGA-1,0,4
TTACCCGGTGAGTTGG-1,0,4
TTACCCGTCAGTGGTT-1,0,3
TTACCCGTCCATGTTT-1,0,1
TTACCGCAGGGACGTT-1,0,0
TTACCGCCAAGGTTCT-1,0,1
TTACGGACAGATACAA-1,0,0
TTACGTTAGAACCCGA-1,0,1
TTACGTTAGACCTATC-1,0,0
TTACGTTAGGCCTAAG-1,0,3
TTACGTTAGTAATGTG-1,0,2
TTACGTTAGTGTGTAA-1,0,1
TTACGTTCAAACAGTA-1,1,4
TTACGTTCAGTCCTGG-1,0,0
TTACGTTGTCACAGTT-1,0,3
TTACGTTGTTCTTTCA-1,0,0
TTACGTTTCTCGACCT-1,0,0
TTACGTTTCTGGTACA-1,0,1
TTACTCAAGAGCTCCC-1,0,0
TTACTCAAGCACACCC-1,0,3
TTACTCAAGTTTACGC-1,0,0
TTACTCACAAGGGAGG-1,0,1
TTACTCACAGAATGCG-1,0,2
TTACTCACAGCGCGTT-1,0,0
TTACTCAGTCATCAAC-1,0,0
TTACTTGCAAAGAAGG-1,0,1
TTACTTGCACATTCTT-1,0,0
TTACTTGCATAAAGTG-1,0,1
TTACTTGGTAACGGCA-1,0,2
TTACTTGGTAGAACGC-1,0,4
TTACTTGGTGACCAGA-1,0,0
TTACTTGTCTTTGCAT-1,0,4
TTAGCGAAGTCTAGAA-1,0,0
TTAGCGAAGTGCTGAG-1,0,0
TTAGCGACATGGGTGA-1,0,3
TTAGCGAGTTACGAAA-1,0,0
TTAGCGATCCATACGA-1,0,3
TTAGCGATCCCTAAAG-1,0,0
TTAGCTTAGTTGCCGC-1,0,1
TTAGCTTCAATTGGCT-1,0,1
TTAGCTTCACACATGT-1,0,0
TTAGCTTGTGTGCTTA-1,0,4
TTAGCTTGTTTCCTAT-1,1,2
TTAGCTTTCTTAACGG-1,0,2
TTAGGTGGTCAAGACG-1,0,3
TTAGGTGGTCTGATTG-1,0,0
TTAGGTGGTGCAAGCA-1,0,4
TTAGGTGGTTATAGAG-1,0,4
TTAGGTGGTTTCCGGG-1,2,4
TTAGGTGTCCGTGCGA-1,0,0
TTAGGTGTCCTCATTA-1,2,4
TTATGTCAGGATTTGA-1,0,2
TTATGTCCAGTAGGCA-1,0,1
TTATGTCGTTCCAGTA-1,0,1
TTCAACTAGATAGGTT-1,0,4
TTCAACTCAAGGCTTT-1,0,2
TTCAACTCAATTCTCT-1,0,4
TTCAACTCACGAACGA-1,0,0
TTCAACTCACGTTGTA-1,0,1
TTCAACTGTACTTCGA-1,0,2
TTCAACTGTTACGCTA-1,0,4
TTCAACTTCCAGAATC-1,0,0
TTCATCAAGAATATCG-1,0,0
TTCATCAAGGCGTAGT-1,0,3
TTCATCACAATAGCGG-1,0,4
TTCATCACAATTCGTG-1,0,2
TTCATCACACGTTAGT-1,0,3
TTCATCAGTATCTCAG-1,0,0
TTCATCATCCCTAAAG-1,0,4
TTCATCATCGCTCTAC-1,0,4
TTCATCATCGGCTATA-1,0,1
TTCATCATCTCATATC-1,0,0
TTCATCATCTGAAAGA-1,0,1
TTCATTGAGGCGTAGT-1,0,2
TTCATTGAGGGTAATT-1,0,0
TTCATTGCATGGTAAA-1,0,3
TTCGATTAGAATCAAC-1,0,0
TTCGATTCATAGCAGG-1,0,1
TTCGATTGTCCCTAAA-1,0,0
TTCGATTTCACTGATG-1,0,0
TTCGCGTCAAATAGTG-1,0,2
TTCGCGTCAATGGTAA-1,0,0
TTCGCGTCAGGCATTT-1,0,2
TTCGCGTCATCAGCTA-1,0,0
TTCGCGTGTATTCTTC-1,0,2
TTCGCGTGTCAGTGTT-1,0,3
TTCGCGTGTGGCCTTG-1,0,1
TTCGCGTTCACCCGGA-1,0,4
TTCGCGTTCCTTACGC-1,0,3
TTCGCGTTCGCATACA-1,0,1
TTCGGTCAGGAGAACA-1,0,0
TTCGGTCCACTGTTAG-1,0,2
TTCGGTCCATAGAATG-1,0,2
TTCGGTCCATTCACGA-1,0,0
TTCGGTCTCAATTCCT-1,0,3
TTCGTTAAGCTGCTCG-1,0,1
TTCGTTACACAGAAGC-1,0,1
TTCGTTAGTACCTATG-1,0,0
TTCGTTAGTGGTCGAA-1,0,0
TTCGTTATCGCATACA-1,0,0
TTCGTTATCGCTTCAC-1,0,0
TTCGTTATCGTGGTAT-1,0,0
TTCTAACAGAGATTAC-1,0,1
TTCTAACAGGAAACTT-1,0,0
TTCTAACCAAGCGAAC-1,0,2
TTCTAACCACCAAGGA-1,0,0
TTCTAACCAGAAAGAG-1,0,2
TTCTAACCATACCCGG-1,0,2
TTCTAACGTAAAGCTA-1,0,4
TTCTAACGTCAAATCC-1,0,4
TTCTAACTCAGTAGTC-1,0,0
TTCTAACTCCAACAAC-1,0,1
TTCTGTACACACACCG-1,0,0
TTCTGTACAGGCATTT-1,0,0
TTGACGACAATTGTGC-1,0,0
TTGACGAGTTCCCGGA-1,0,0
TTGACGAGTTTAAGGA-1,0,4
TTGACGATCTTTATCG-1,0,1
TTGAGCAAGCATGTGG-1,0,0
TTGAGCAAGCGTCTGC-1,0,0
TTGAGCACAAGGTCGA-1,0,1
TTGAGCACAATGGCTT-1,0,3
TTGAGCACACAGCTTA-1,0,4
TTGAGCACAGGATAGC-1,0,1
TTGAGCAGTAATGTAG-1,0,3
TTGAGCAGTATACGCT-1,0,2
TTGAGCAGTGTTGGTT-1,0,0
TTGAGCAGTTCTTAGG-1,0,2
TTGAGCATCATTCATC-1,0,0
TTGAGCATCTGGTACA-1,0,3
TTGAGTGAGAGGAAGT-1,0,0
TTGAGTGCACAAACAA-1,0,4
TTGAGTGGTACGCCCA-1,0,2
TTGAGTGGTAGCAGGT-1,0,3
TTGAGTGTCCGTCAAA-1,0,2
TTGAGTGTCGTCTAGA-1,1,0
TTGCACCAGTGGTGTG-1,0,1
TTGCACCCAAGGACCA-1,0,4
TTGCACCCATTAAGGA-1,0,2
TTGCACCGTGGAAGCT-1,0,2
TTGCACCTCCTCATTA-1,0,3
TTGCACCTCTGGAAGG-1,0,3
TTGCAGACACATGATC-1,0,3
TTGCAGACACCAAGGA-1,0,0
TTGCAGAGTAACCCAT-1,0,0
TTGCAGAGTAGTAACA-1,0,0
TTGCCCACACTCGGAC-1,0,3
TTGCCCAGTCATTGGT-1,0,0
TTGCCCAGTGGAAGCT-1,0,2
TTGCCCAGTGGCATAG-1,0,2
TTGCGAAAGCCTGTAT-1,0,0
TTGCGAAAGTACCCAT-1,3,0
TTGCGAACAAGGACCA-1,0,0
TTGCGAACAATACTGC-1,0,0
TTGCGAACACCATTCC-1,0,1
TTGCGAACAGTATACC-1,0,1
TTGCGAATCTAGCAGT-1,0,3
TTGCGGGAGGCCAGTA-1,0,3
TTGCGGGTCACGTGTA-1,0,0
TTGCGGGTCGTTGTAG-1,0,4
TTGCGGGTCTGGAAGG-1,0,4
TTGCGGGTCTGGCTAA-1,0,1
TTGCTATCAAAGGCCA-1,1,0
TTGCTTAAGATGTTGA-1,0,2
TTGCTTAAGGGTGTTG-1,0,3
TTGCTTACACATCATG-1,0,0
TTGCTTAGTAGGGTTG-1,0,0
TTGCTTAGTCACAGTT-1,2,0
TTGCTTAGTCAGCTTA-1,0,2
TTGCTTAGTCGTCGCA-1,0,1
TTGCTTATCACATCCC-1,0,3
TTGCTTATCCATACCC-1,0,2
TTGCTTATCCTCCTGA-1,0,2
TTGCTTATCGTTACAG-1,0,1
TTGCTTATCTGTGTGA-1,0,1
TTGGTCCAGGGTTCTT-1,2,0
TTGGTCCCACTAGGAG-1,0,3
TTGGTCCGTACTTCGA-1,0,3
TTGGTCCGTCACCCGA-1,0,0
TTGGTCCGTGCCAAGA-1,0,2
TTGGTCCTCAAGTTGC-1,0,0
TTGGTCCTCCAAACCA-1,0,1
TTGGTCCTCCCGTATC-1,0,0
TTGGTCCTCGTTCTAT-1,0,4
TTGTCTAAGTTTACGC-1,2,1
TTGTCTACAATGTGCT-1,0,0
TTGTCTACAGATGGCA-1,0,2
TTGTCTACATCAACTG-1,0,1
TTGTCTAGTCAACGGA-1,0,2
TTGTCTAGTTACCACA-1,0,3
TTGTCTATCGCTAGTA-1,0,0
TTGTTCAAGAAGAGTG-1,0,4
TTGTTCACACGCGCAT-1,0,1
TTGTTGTAGCAGGACT-1,0,3
TTGTTGTAGGTAGGAA-1,0,0
TTGTTGTCAAAGACGC-1,0,2
TTGTTGTCACAAGGGT-1,0,0
TTGTTGTCATCGTACA-1,0,0
TTGTTGTGTCAGAAGC-1,0,3
TTGTTGTGTGTTTCTT-1,0,4
TTGTTGTTCCTAAGTG-1,0,1
TTGTTGTTCGGATAAA-1,0,1
TTGTTGTTCGGTACTA-1,0,4
TTGTTGTTCTAAGGTC-1,0,4
TTGTTGTTCTTACCTA-1,0,2
TTTACGTCAAATTGAG-1,0,2
TTTACGTCAGTAGTCT-1,0,1
TTTACGTCATGTAGAA-1,3,0
TTTACGTTCCATACGA-1,0,2
TTTACGTTCCCATAGA-1,1,4
TTTACGTTCGCAACTA-1,0,4
TTTACGTTCTTCGTTA-1,0,1
TTTGAGGAGATCGCCC-1,0,4
TTTGAGGCAGGGTAAC-1,0,1
TTTGAGGGTAACCCAT-1,0,0
TTTGAGGGTCATAAGA-1,0,0
TTTGAGGGTGAGTAAT-1,0,0
TTTGAGGTCAACACGT-1,0,0
TTTGAGGTCACTCCCA-1,0,3
TTTGAGGTCGCATACA-1,0,3
TTTGCGCAGGTTACAA-1,0,1
TTTGCGCAGTATACGA-1,0,3
TTTGCGCAGTCCCTCT-1,2,2
TTTGCGCAGTTCAAGA-1,0,0
TTTGCGCCAAGGAAGA-1,0,1
TTTGCGCCATTAGCCA-1,0,0
TTTGCGCGTCGCGCTA-1,0,2
TTTGGCCAGGGAAATG-1,0,2
TTTGGCCAGTAATGTG-1,0,1
TTTGGCCAGTAGTGTA-1,1,0
TTTGGCCTCCATCATT-1,0,1
TTTGGCCTCGTTACAG-1,0,0
TTTGGCCTCTCTTCCT-1,0,4
TTTGGTTAGTCCCTCT-1,0,0
TTTGGTTAGTCTAGAA-1,0,0
TTTGGTTCAAATGCTC-1,0,1
TTTGGTTCAACTCAAC-1,0,0
TTTGGTTCACTGTTAG-1,0,1
TTTGGTTGTGCATTCA-1,0,0
TTTGGTTGTGCCCTAG-1,0,2
TTTGTGTAGGAATGGA-1,0,2
TTTGTGTAGTACCACT-1,0,1
TTTGTGTCAAGTAACA-1,0,0
